	TPM
RPS4Y1	0.4299891
HLA-DRA	0.4299891
ENSG00000202198	0.4299891
COL3A1	7.8536825
MT-TP	0.4299891
MAL2	5.2625146
GYPC	0.4299891
H2AC18	3.2689085
MT-TC	0.4299891
SFRP1	9.422912
POSTN	3.0435877
NDN	0.4299891
KRT19	7.7895374
ENSG00000258377	10.351204
MT-TN	0.4299891
ENSG00000273673	10.854577
ENSG00000269888	0.4299891
CD48	0.4299891
MT-TA	0.4299891
APBB1IP	3.0435877
MT-TY	0.4299891
LAD1	0.4299891
ENSG00000288725	0.4299891
TSPYL5	10.130429
TACSTD2	3.7474651
PRAME	10.268725
CAVIN3	6.460973
SNORA73A	0.4299891
EFEMP1	6.1367974
ITM2A	6.0732355
CXCL12	2.7650015
MXRA5	6.8994603
ENSG00000262526	8.139757
PEG3	0.4299891
S100A9	3.2689085
LUM	2.7650015
AIF1	3.2689085
TRBC2	4.5931025
LCP2	1.7847428
SNORD3C	0.4299891
ZFY	0.4299891
PTN	1.7847428
CSF2RB	0.4299891
ALDH1A1	2.3797202
MAGEA3	5.741928
TMEM47	5.82385
NEFL	0.4299891
IRF8	1.7847428
SRGN	5.3789105
MAGED4	3.7474651
ENSG00000289754	9.8773985
SCARNA12	0.4299891
MMP2	9.3481245
IGHM	0.4299891
TM4SF1	12.5037985
DDX3Y	2.3797202
INA	1.7847428
RHOD	5.9751425
MAGEA6	7.3672028
PDZRN3	1.7847428
HLA-DRB1	0.4299891
FBXL7	0.4299891
TBX18	8.1311245
THY1-AS1	4.9668365
MMP1	5.7174397
CXCL1	5.4537435
CDH11	8.46371
NCF4	2.3797202
EFS	0.4299891
UCHL1	2.7650015
IGKC	0.4299891
EHF	4.3762546
MIR142HG	0.4299891
THBD	6.321315
SERPINA3	7.3881874
TWIST2	6.5222054
TFPI2	1.7847428
RNA5-8SN3	0.4299891
RNA5-8SN1	0.4299891
DKK1	10.105139
GIMAP6	1.7847428
PGAP4	9.286853
MAGEA12	5.4166207
PARVG	1.7847428
WDFY4	0.4299891
PCDH18	7.4037037
COL11A1	11.889117
MPDZ	9.931392
SASH3	3.7474651
LRCH2	5.100719
TIMP3	5.558753
AGR2	9.925368
ENSG00000288673	4.770518
SERPINB2	3.2689085
CD53	3.0435877
KRT5	2.7650015
LCN2	6.321315
MAGEA2	0.4299891
CLDN1	10.944659
GATA4	8.408711
TENM3	7.6319475
IRX2	0.4299891
SNORD3D	5.527214
FGFBP1	0.4299891
ADIRF	0.4299891
LDB2	1.7847428
RNU2-2P	0.4299891
ENSG00000282168	0.4299891
SGCD	0.4299891
HOXC10	10.394796
FYB1	3.0435877
S100A8	0.4299891
CAVIN2	1.7847428
HS6ST2	4.1988263
FABP5P7	8.156359
TCIM	0.4299891
CES1	5.017679
MT-TS1	0.4299891
ENSG00000285283	9.604294
GFRA1	1.7847428
S100A16	7.619711
EDIL3	9.12282
VAT1L	1.7847428
H3C14	0.4299891
C19orf33	7.068699
CD69	3.991868
C5orf38	0.4299891
MIR223HG	0.4299891
HLA-DRB3	0.4299891
PRRX1	3.7474651
BNC1	0.4299891
KRT7	5.3789105
MYCN	1.7847428
TMEM30B	2.3797202
MLC1	0.4299891
PLEK	3.2689085
IGFBP5	0.4299891
F13A1	5.527214
PCSK9	0.4299891
ENSG00000270066	0.4299891
SERPINA1	3.7474651
HOXB9	11.130422
SCARNA13	2.3797202
VEGFC	8.843416
SLA	1.7847428
ISLR	0.4299891
IKZF1	3.7474651
PDLIM4	3.6150508
FOXQ1	7.5211143
FOXA1	4.455062
SOX9	10.909799
CBLC	0.4299891
IRAG2	3.0435877
KRT6A	0.4299891
CKMT1A	5.6413226
CD52	1.7847428
MSC	0.4299891
BCYRN1	0.4299891
RGS1	0.4299891
BATF	0.4299891
ENSG00000263244	0.4299891
HOXC13	8.322395
SLPI	0.4299891
SERPINB7	1.7847428
ADAMTS5	1.7847428
JCHAIN	1.7847428
SCARNA5	0.4299891
ENSG00000257411	8.318205
CCND2	6.8186417
GPC6	6.949225
TWIST1	0.4299891
EGFR	12.560253
ENSG00000285408	7.0256863
CACNA2D1	10.38258
RNF128	8.386253
HLA-DPA1	2.3797202
LPL	0.4299891
THBS2	2.7650015
HOXA9	1.7847428
S100A14	0.4299891
RIPK3	0.4299891
ST14	1.7847428
MT1E	7.326133
DLK1	1.7847428
CTNND2	1.7847428
CCL2	8.361241
MAGEA2B	4.455062
ZBTB45P2	4.455062
HGF	2.3797202
IGLC2	0.4299891
HAND2	4.5931025
TC2N	3.4564939
PPP1R3C	7.4096127
ENSG00000258430	5.100719
PPP1R16B	3.7474651
ANKRD1	7.100753
GIMAP4	0.4299891
BEX1	0.4299891
CD248	2.3797202
IL1RN	0.4299891
IGFBP3	5.850807
RNA5-8SN5	0.4299891
ENSG00000273730	0.4299891
ENSG00000275757	0.4299891
RNA5-8SN4	0.4299891
RNA5-8SN2	0.4299891
ENSG00000277739	0.4299891
EVC2	0.4299891
RNASE1	0.4299891
NPTX2	1.7847428
HBB	0.4299891
BCHE	8.610684
ENSG00000258092	4.7146554
TGFBI	10.268725
PKP1	3.4564939
PTPRCAP	0.4299891
G0S2	3.0435877
ZIC2	8.902532
SNHG18	1.7847428
ENSG00000262413	6.2139244
SLC2A3P1	7.1329346
MAGED4B	6.387731
UTP14C	0.4299891
RASAL3	0.4299891
CACNG4	8.6293545
HOXB13	6.707451
GNG11	8.390102
ENSG00000265257	0.4299891
SERPINB5	2.3797202
TMEM200A	1.7847428
PDZK1IP1	0.4299891
FBN2	2.3797202
ADAMTS12	3.0435877
GIMAP5	0.4299891
NALF2	6.957211
PHYHIPL	0.4299891
SERTAD4	3.4564939
FOXA2	8.311236
CKMT1B	3.7474651
HTRA1	8.064682
TCEAL7	1.7847428
GIMAP7	0.4299891
BEND4	2.3797202
LINC01806	0.4299891
TMEM125	0.4299891
CYYR1	0.4299891
DHFRP1	0.4299891
CSAG1	4.526235
ID4	4.095945
H3C15	0.4299891
STMN2	1.7847428
HOXD8	3.6150508
PRSS21	0.4299891
MS4A1	0.4299891
ENSG00000259001	0.4299891
DKK3	11.141571
RNVU1-29	0.4299891
RNU1-2	0.4299891
RNU1-3	0.4299891
RNU1-28P	0.4299891
RNU1-27P	0.4299891
ENSG00000275405	0.4299891
RNU1-4	0.4299891
RNU1-1	0.4299891
RNVU1-18	0.4299891
GAL	5.147226
WSCD1	4.657634
ANO1	7.983448
PTGFR	1.7847428
ENSG00000268083	7.659872
ENSG00000282832	7.659872
TXLNGY	1.7847428
FAM225A	6.926123
KRT23	0.4299891
ENSG00000289700	0.4299891
VCAM1	0.4299891
TYROBP	0.4299891
SAMSN1	1.7847428
MDFI	0.4299891
STAC	8.565628
ENSG00000232035	0.4299891
CD300A	0.4299891
ENSG00000286037	11.385138
MMP16	8.489966
DSP	11.164284
KLK6	1.7847428
MIR663A	0.4299891
BCL2A1	5.766333
ENSG00000289697	0.4299891
H2BC10	0.4299891
H19	6.195298
SMIM10	8.267344
CSAG3	3.4564939
LAMP5	1.7847428
ISL1	3.7474651
KDR	3.0435877
SCARNA2	0.4299891
NLGN4X	1.7847428
KRT16	3.7474651
GABRA3	4.770518
ADAMTSL1	3.4564939
CA2	5.147226
ITGA4	3.4564939
NUDT11	9.499812
ARHGEF34P	0.4299891
TAFA5	0.4299891
CCL3	0.4299891
CPXM1	0.4299891
ALOX5	0.4299891
CNRIP1	8.224502
BIN2	0.4299891
GPR39	7.8140745
KCNJ8	1.7847428
FAP	3.0435877
ZNF521	3.0435877
SPI1	0.4299891
TNFRSF6B	0.4299891
NID1	10.202802
NETO1	0.4299891
EYA2	5.766333
GNA15	4.770518
IL13RA2	2.3797202
NEFM	1.7847428
DOCK2	5.017679
KRT17	0.4299891
PIK3R5	2.7650015
SMOC2	0.4299891
MAL	1.7847428
RIPK4	9.150626
POU4F1	0.4299891
CD79B	1.7847428
AREG	5.82385
CAV1	13.307688
GJA1	10.718035
HLA-DRB4	0.4299891
ESRP1	6.1569967
PRSS22	5.100719
ARMCX1	4.657634
MT-TE	0.4299891
HOXA10	0.4299891
CD86	0.4299891
GAP43	0.4299891
RGS4	3.6150508
ITGB6	3.0435877
ENSG00000261786	6.0351543
EDNRA	2.3797202
CYTIP	0.4299891
OLFM1	3.4564939
TBX3	8.028293
KRT81	3.7474651
ENSG00000274828	0.4299891
RPLP0P9	0.4299891
ERG	3.7474651
MNDA	0.4299891
MARCHF4	8.274114
AZGP1	0.4299891
PHF21B	7.1101627
MYL9	5.4916534
KCNQ2	4.869153
IGHG1	0.4299891
ZNF804A	6.2625647
SNAI2	3.991868
CNR1	0.4299891
MSX2	7.1685905
HLA-DMB	2.7650015
MMRN1	0.4299891
LY86	0.4299891
PITX2	1.7847428
ENSG00000288894	7.350107
H4C2	0.4299891
DNM3OS	0.4299891
MAPK4	0.4299891
TRAC	0.4299891
RNVU1-7	0.4299891
PTGS2	5.766333
THRIL	6.2139244
ST8SIA2	0.4299891
CRABP1	2.7650015
ENSG00000260465	0.4299891
GJB2	7.433243
ENSG00000176868	8.579171
SALL1	0.4299891
ENSG00000259976	6.177071
HSPB8	6.8994603
FOXL1	7.983448
NR2F2	9.912761
SYT4	0.4299891
EPHA5	5.2625146
HOXD9	0.4299891
GALNT13	1.7847428
GRHL2	3.0435877
HOXA13	5.4916534
IRX1	0.4299891
RGS18	0.4299891
HOXC11	7.426668
UBE2QL1	0.4299891
RNASE6	0.4299891
SPINK5	1.7847428
CD3E	3.2689085
GRIK3	1.7847428
RNU4-2	0.4299891
TMEM273	0.4299891
KCNK1	3.0435877
LY75-CD302	3.991868
ENSG00000269823	4.770518
HOXA11	4.2907324
EVA1A	6.2625647
EDNRB	1.7847428
CCR1	0.4299891
ARMCX2	3.6150508
KIF26A	5.3421693
ENSG00000286931	0.4299891
ENSG00000257342	0.4299891
DOK2	0.4299891
ALOX5AP	3.7474651
ENSG00000255330	7.6787844
HOXB4	8.472799
S100P	6.0351543
SCARNA7	0.4299891
CNTFR	3.7474651
FGR	0.4299891
KIF1A	9.0297985
ANXA8L1	3.6150508
JAML	0.4299891
ENSG00000272101	8.271896
HMGN2P5	8.271896
P2RX1	0.4299891
LAPTM5	5.69045
PPP1R14C	3.7474651
RAB25	1.7847428
XGY2	1.7847428
CACNA1H	7.593045
OVOL1	0.4299891
A2M	0.4299891
TRPC4	2.3797202
NAP1L3	6.3455834
SERPINA5	2.3797202
MAB21L1	0.4299891
SCARNA6	2.3797202
COL5A3	1.7847428
CCN2	10.608661
ARHGEF5	9.120082
MT-TL1	0.4299891
ZNF502	0.4299891
OVOL2	2.3797202
TAGAP	0.4299891
GPR27	4.455062
KRT14	0.4299891
SULT4A1	7.2122126
CHL1	0.4299891
KLHL14	7.350107
RN7SKP255	0.4299891
ENSG00000254452	0.4299891
ZIC1	0.4299891
DOK5	2.3797202
RCAN2	2.7650015
CDA	4.657634
H1-3	0.4299891
LRRN1	0.4299891
CALB2	4.657634
ENSG00000263986	0.4299891
H4C13	0.4299891
CSTA	4.2907324
SLC22A3	0.4299891
UGT1A6	0.4299891
ABCB1	2.3797202
SEZ6L	0.4299891
ENSG00000290018	8.373443
FOXC2	8.082812
B3GNT3	3.0435877
CXCL5	5.2625146
NTN4	10.545216
SOD3	0.4299891
ENSG00000268854	6.012345
BDKRB2	2.3797202
SIX2	1.7847428
GIMAP8	0.4299891
PABPC4L	0.4299891
ENSG00000259661	7.41998
MNX1	4.2907324
FIBIN	3.2689085
SLITRK6	8.460583
PTX3	7.5507
S1PR4	2.3797202
IGLC3	0.4299891
HOXB5	9.164662
CACNG7	5.741928
NKX6-1	2.7650015
ENSG00000254559	0.4299891
TMSB15A	4.821519
CD244	0.4299891
HLA-DRB5	0.4299891
ZBED2	2.3797202
CYTL1	0.4299891
RBM24	9.670426
CPE	4.7146554
H3C11	0.4299891
PDK4	6.4166837
FIGN	9.095318
FMN2	6.8070035
ENSG00000277196	0.4299891
DACH1	4.455062
ARMCX7P	5.7948623
FLG	7.0256863
CBFA2T3	6.651285
ESM1	0.4299891
TUB	8.530214
HOXC9	8.975617
PLPPR4	0.4299891
EN1	4.1988263
LGR5	1.7847428
XAGE1A	0.4299891
CTAGE4	7.6137657
DNER	6.3043437
ENSG00000278996	0.4299891
MUC16	3.991868
PRRX2	4.526235
LPAR1	8.688313
ELAVL4	0.4299891
GUCY1A1	3.7474651
CDO1	1.7847428
IGLL5	0.4299891
GPC4	8.357062
ENSG00000276345	0.4299891
NTM	3.2689085
HBA1	0.4299891
ENSG00000243679	0.4299891
IGF2	8.604541
INSM1	0.4299891
SAA1	2.3797202
TAGLN3	0.4299891
NKX2-5	1.7847428
CNTN3	1.7847428
PRIMA1	3.7474651
ENSG00000258757	6.232092
TUSC1	6.387731
KCNT2	5.940337
NCF1C	0.4299891
BLOC1S5-TXNDC5	9.098445
PKP3	6.6135716
ADGRB3	1.7847428
AMOTL2	11.146963
GSTT2B	5.8777475
ALDH1A3	9.78808
PWWP3B	1.7847428
ARL2-SNX15	8.417488
H2AC21	3.8718858
ASTN1	0.4299891
H2AC7	0.4299891
ENSG00000263585	7.978895
ENSG00000267601	0.4299891
PRR33	0.4299891
FREM1	1.7847428
MAGEA4	6.854951
RND3	10.080835
CHGA	0.4299891
MOXD1	7.4761753
RN7SL3	1.7847428
MIR3648-1	0.4299891
MIR3648-2	0.4299891
MIR3142HG	4.455062
CEACAM21	0.4299891
ARPP21	2.7650015
MYOCD	0.4299891
LYZ	1.7847428
IGHA1	0.4299891
ENSG00000282278	0.4299891
HOXB2	8.975617
LINC01123	6.746039
CRYAB	3.6150508
MNX1-AS1	5.3789105
UBXN10	0.4299891
GLRB	6.3615103
TNF	0.4299891
GRB7	5.147226
CXCR5	0.4299891
HOXC8	9.376671
CTTNBP2	0.4299891
C11orf21	1.7847428
SCEL	2.3797202
SUSD3	3.2689085
LRATD1	0.4299891
CCDC85A	2.3797202
HBA2	0.4299891
SCARA3	7.0494375
GATA6	4.095945
ABI3	1.7847428
KRTAP2-3	0.4299891
PRSS12	6.786578
SNAP91	3.991868
ENSG00000264558	0.4299891
ITGB1P1	9.728969
CPLX2	0.4299891
MAB21L2	0.4299891
TNFAIP6	1.7847428
HCK	2.7650015
RN7SK	5.4916534
TFF3	1.7847428
HNRNPA1L2	5.3789105
FBLN2	0.4299891
PAX9	5.9229083
HOXD13	2.3797202
FBP1	0.4299891
NELL2	0.4299891
CRISPLD1	3.0435877
H4C6	0.4299891
NPNT	1.7847428
FOXE1	3.0435877
C3orf14	9.284626
SFRP2	0.4299891
ENSG00000262660	2.3797202
FGF14	5.147226
RBP4	0.4299891
SLCO1B3	8.3923235
FOXF1	1.7847428
ADAMTS10	4.869153
INSYN2B	5.8777475
IL10RA	0.4299891
ENSG00000243302	0.4299891
HOXB8	9.266682
CD70	7.4904604
NCAM2	5.617096
ENSG00000285505	0.4299891
RUNX1T1	0.4299891
CYP2S1	7.350107
PCSK1N	2.3797202
CEACAM6	5.061293
NMU	1.7847428
SRP9P1	5.9229083
MIR663B	0.4299891
WNT5A	7.619711
H3C7	0.4299891
NAP1L2	6.4824786
PSPHP1	7.5211143
TRIM29	1.7847428
XIST	3.4564939
LIN28B	8.529334
FOXF2	7.9630785
H3C8	0.4299891
LHX1	6.232092
HOXD10	1.7847428
FOXD1	7.456993
PDE1C	0.4299891
ACKR3	0.4299891
CAMKV	3.2689085
SIT1	1.7847428
HOXD4	4.095945
KIRREL1	11.2985
HOXD-AS2	5.100719
TSHZ3	7.700715
ENSG00000288947	0.4299891
LYNX1	8.101661
GPX7	5.9015894
TECRP1	0.4299891
HS3ST3A1	0.4299891
MMP3	0.4299891
ST6GALNAC5	0.4299891
HOXB6	9.18476
NCF1B	0.4299891
CD200	0.4299891
ZIC4	0.4299891
FA2H	1.7847428
ENSG00000281487	7.85894
PCDHAC2	8.373443
POU3F3	4.2907324
RNU4-1	0.4299891
POPDC3	8.909203
ENSG00000286058	7.759056
GJB3	3.0435877
ADAMTS3	5.617096
SPTSSB	2.3797202
CASP1	3.7474651
EN2	4.9668365
ABLIM3	8.626524
SPSB4	0.4299891
CAP2	10.00184
KDF1	3.2689085
ZIC5	7.7794085
RTL8B	8.365335
IGF1	0.4299891
PCDH20	6.584467
ENSG00000262533	8.03385
GALNT14	6.8435035
ADRA1B	7.504242
RPL3P4	11.0285225
CADM3	0.4299891
FXYD6	1.7847428
RAMP1	2.3797202
SORCS1	1.7847428
H2BC3	0.4299891
BGN	3.8718858
SLC24A3	0.4299891
EPHA3	3.0435877
TFEC	1.7847428
TBC1D3K	3.991868
ENSG00000289048	0.4299891
PEG10	12.781325
PI3	0.4299891
PIK3CG	2.3797202
FMOD	0.4299891
PRSS3	4.455062
FAM30A	1.7847428
ANGPTL2	1.7847428
ELOVL2	10.420256
ENSG00000289755	0.4299891
TSPAN8	0.4299891
BRINP1	0.4299891
ZNF536	2.3797202
SPATA18	3.0435877
NGF	0.4299891
ENSG00000228144	7.341963
NES	6.195298
CCR2	0.4299891
TMEM200C	6.321315
ENSG00000285723	0.4299891
TOX3	7.7639837
RPL23AP42	3.2689085
PCDH1	4.869153
TMEFF2	1.7847428
DNAAF4-CCPG1	6.623979
GABRQ	1.7847428
C2orf72	5.940337
ENSG00000275219	0.4299891
ENSG00000274862	0.4299891
ENSG00000276596	0.4299891
ENSG00000275616	0.4299891
ENSG00000278591	0.4299891
ENSG00000273709	0.4299891
ENSG00000274062	0.4299891
ENSG00000274432	0.4299891
ENSG00000278048	0.4299891
RNU2-1	0.4299891
ENSG00000277903	0.4299891
ALDH3B2	1.7847428
ENSG00000240801	0.4299891
ENSG00000282416	0.4299891
ARHGEF35	9.03649
MPO	0.4299891
PDCD6-AHRR	0.4299891
DES	0.4299891
MFAP2	4.9193883
TMEM179	4.2907324
ENSG00000267512	7.3807936
STC2	12.286933
ENSG00000261641	0.4299891
TMEM176B	0.4299891
AP1M2	6.8774624
RN7SL5P	0.4299891
KDM5D	0.4299891
ELOVL4	6.247908
GBX2	7.078684
COL6A2	6.6001806
GRAP2	1.7847428
SOWAHB	3.4564939
H3P6	9.137336
TEK	0.4299891
MEG9	5.527214
XAGE1B	0.4299891
ROBO4	3.991868
TRBC1	0.4299891
C1QTNF5	2.3797202
SRPX	5.2281666
MICU3	6.773663
RIMBP2	1.7847428
SLIT2	1.7847428
CNTNAP3C	5.7174397
ENSG00000256349	6.746039
MT1L	7.7895374
PGR	0.4299891
CTAGE8	6.3043437
SELL	0.4299891
PLA2G4A	3.7474651
LHX2	0.4299891
GLI2	6.632903
TBX20	0.4299891
B4GALNT4	7.4977655
SLC17A9	0.4299891
CLDN3	1.7847428
SENCR	0.4299891
PADI3	6.3455834
ENSG00000285192	0.4299891
RBBP8NL	0.4299891
TUBB2B	8.018079
KCNK5	4.2907324
CD93	2.7650015
FAIM2	1.7847428
SCARNA10	3.4564939
GPR158	7.204213
PCDHA11	6.0351543
DDC	0.4299891
ENSG00000255310	5.4916534
SCARNA21	0.4299891
SLCO2A1	2.7650015
MT1G	0.4299891
GPR183	0.4299891
CARD16	0.4299891
PDGFB	10.059974
PCDH17	5.6413226
ENSG00000287286	0.4299891
PCDH10	3.2689085
H1-5	1.7847428
H3C3	1.7847428
SSTR1	0.4299891
PCDH7	9.044693
H2AC14	0.4299891
WFDC2	1.7847428
AGTR1	2.3797202
HAS2	5.558753
PLAAT1	6.6135716
PHLDA1-AS1	1.7847428
HOTAIR	7.8286514
GABRA5	1.7847428
H4C1	1.7847428
OLIG1	0.4299891
TM4SF18	9.243467
TMEM71	2.3797202
TNNI2	0.4299891
BORCS7-ASMT	0.4299891
ENSG00000289746	0.4299891
SPOCK1	10.953245
CDX2	3.991868
ENSG00000277925	0.4299891
CNTN1	6.5102563
GPR87	1.7847428
IL1B	1.7847428
MT-TL2	0.4299891
SDC2	9.281005
LTB	3.0435877
BEX4	7.562022
ENSG00000254721	7.158186
HSPB7	1.7847428
SPCS2P4	6.6001806
EPCAM	7.158186
MEDAG	0.4299891
SOX21	5.3789105
ACTC1	0.4299891
ENSG00000235952	0.4299891
FCGR3A	0.4299891
PPFIA2	0.4299891
MYEOV	7.311331
PDGFRA	2.7650015
CYP24A1	2.3797202
BIVM-ERCC5	7.7639837
PLP1	0.4299891
SHC2	2.7650015
TMEM265	2.3797202
EPB41L3	2.7650015
GNG12	11.760012
DLX5	3.0435877
HOXA11-AS	1.7847428
SOX2	3.991868
ADRA2C	4.9193883
PABPC5	0.4299891
SLAMF1	0.4299891
TBX2	3.8718858
VIT	6.1017127
ADAMTS15	7.949296
STAP1	0.4299891
FLT3	3.0435877
ASB2	2.3797202
UTY	0.4299891
HSD11B1	0.4299891
CNTNAP3P2	5.766333
ALX1	5.100719
CCL4	0.4299891
PIK3R6	0.4299891
CTSG	0.4299891
ENSG00000257767	0.4299891
CDKN2A	0.4299891
CA8	10.554589
SNORD104	0.4299891
H2AC4	0.4299891
VANGL2	0.4299891
ENSG00000259171	4.095945
ENSG00000284912	5.9015894
COL13A1	8.028293
H2BC14	0.4299891
ENSG00000276850	3.7474651
ENSG00000288244	3.7474651
TBC1D3C	0.4299891
SLFN11	8.754911
TIMP4	0.4299891
HOXD11	0.4299891
PADI1	5.741928
ENSG00000285304	4.455062
KRT13	2.3797202
LTA	0.4299891
ENSG00000268903	0.4299891
PDPN	1.7847428
SNORA63	0.4299891
IL20RA	0.4299891
ENSG00000257663	7.0494375
HOXA7	2.7650015
SERP2	0.4299891
ENSG00000260997	0.4299891
HRH2	3.0435877
ADGRE1	2.3797202
EVI2B	2.7650015
ENSG00000285508	8.201632
ANO4	2.7650015
FEZF1-AS1	0.4299891
HOXD3	5.4537435
PSG4	1.7847428
SMARCA1	13.289694
MKX	4.9668365
MB	7.2697783
KCND2	0.4299891
CCR6	0.4299891
IGLC1	0.4299891
NKX2-1	1.7847428
COL22A1	4.1988263
BARX1	7.068699
SYTL5	3.4564939
FOXD1-AS1	7.4761753
ASCL1	0.4299891
H3C13	0.4299891
IGHG3	0.4299891
FOXG1	1.7847428
ENSG00000267469	6.9068236
LRRC32	0.4299891
KRT7-AS	2.3797202
ENSG00000261604	3.4564939
NAIPP4	4.7146554
GPR37	4.7146554
GNGT2	0.4299891
RIMS4	7.447962
SNX7	9.775954
CDHR1	0.4299891
SNORD10	0.4299891
ANOS1	0.4299891
LRRC61	0.4299891
DTX1	0.4299891
ENSG00000267576	7.426668
CACNG6	8.6028385
LINC02910	0.4299891
ENSG00000264578	0.4299891
SYNDIG1	0.4299891
STK32B	9.721179
GJA5	0.4299891
ENSG00000267745	6.4824786
EBF3	3.0435877
KRT6B	0.4299891
ENSG00000286098	5.061293
ISL1-DT	2.7650015
GSTM1	2.7650015
LINGO1	4.526235
VNN2	4.2907324
RFX8	2.7650015
CXCL6	2.3797202
S100B	0.4299891
ASCL2	0.4299891
ENSG00000272913	6.786578
PLSCR4	5.527214
ENSG00000285565	0.4299891
AKR1E2	5.527214
ENSG00000267580	4.1988263
ENSG00000288136	6.707451
COL26A1	6.195298
MRGPRF	0.4299891
BEND5	0.4299891
FNDC4	4.9193883
TRGC2	0.4299891
ENSG00000259948	7.2697783
ZNF365	9.509231
C1orf116	0.4299891
ENSG00000288550	4.9193883
ENSG00000262160	8.5708475
GNRHR2P1	5.100719
NAIPP2	0.4299891
ENSG00000281380	0.4299891
DPYSL3	4.770518
ECSCR	0.4299891
HEPH	1.7847428
PCDHB5	0.4299891
ADGRG6	12.395191
KCNA6	0.4299891
HOXA10-AS	0.4299891
ENSG00000260978	4.5931025
LNCAROD	0.4299891
CD19	0.4299891
MID2	10.096489
FAM50B	0.4299891
PVRIG2P	0.4299891
HPGD	3.0435877
HTRA3	2.7650015
WASF3	9.0124445
ENSG00000270022	0.4299891
ENSG00000234287	10.832593
IRX3	7.642605
CCNA1	1.7847428
ENSG00000283864	0.4299891
ADGRF4	2.3797202
ZNF423	2.3797202
PPP1R14A	9.048653
MSLN	2.3797202
CYP1B1	11.887781
STEAP1	8.151692
PI15	3.2689085
PDCD1LG2	1.7847428
RAI2	0.4299891
PCDHA12	6.3455834
RHEX	0.4299891
ENSG00000289399	0.4299891
CLCA2	2.3797202
ADGRF5	3.0435877
ENSG00000289810	0.4299891
ENSG00000260107	6.9149594
RAB3C	2.3797202
CDH5	0.4299891
PRKCB	3.4564939
CLDN7	6.3756347
TRPA1	5.9928107
MEIS3P1	6.3043437
CLECL1	0.4299891
GLI3	6.0732355
ENSG00000261069	4.9668365
ZNF831	0.4299891
CCRL2	0.4299891
LRFN5	7.6374683
ADAMTS19	1.7847428
DUSP26	1.7847428
PTGER2	3.991868
UNC5A	2.7650015
CST6	0.4299891
RPS28P4	1.7847428
RSPO3	0.4299891
KIF12	1.7847428
TFAP2B	0.4299891
ENSG00000286235	8.386253
ENSG00000285369	0.4299891
CXCL8	3.0435877
LINC00973	0.4299891
LGI2	3.0435877
DSCAM	1.7847428
H3C4	0.4299891
MAF	2.3797202
ACKR1	0.4299891
ENSG00000286139	6.759542
GOLGA8O	7.567376
CORO2B	5.3789105
GLT1D1	0.4299891
IL22RA1	5.4916534
ARHGAP15	0.4299891
FCGR2C	0.4299891
CDH2	8.51192
GATA3	7.0587463
FRAS1	1.7847428
CBLN1	0.4299891
SDR16C5	3.4564939
FCER2	1.7847428
CDC42EP5	0.4299891
CD300LF	0.4299891
MYZAP	0.4299891
IGHD	0.4299891
USH1C	0.4299891
NTF3	0.4299891
DLX3	4.3762546
SERTAD4-AS1	0.4299891
ENSG00000203396	1.7847428
ADAM23	5.017679
DDIT4L	2.7650015
CD2	0.4299891
GNG2	3.4564939
TMEM100	1.7847428
FSTL5	6.4475145
SDK1	9.417625
TSPAN7	3.991868
SYDE1	7.954627
ENSG00000273909	7.001272
TLL1	2.3797202
ENSG00000254701	0.4299891
IGLL1	2.3797202
TEX15	7.1101627
ENSG00000287252	0.4299891
CHRDL1	0.4299891
VWDE	8.469104
CCN3	3.0435877
DGKI	3.4564939
HEYL	7.2852106
HOXB-AS3	7.078684
FXYD3	0.4299891
CXCR4	4.3762546
ITGBL1	9.425339
F8A2	2.3797202
F8A3	2.3797202
ENSG00000273275	7.6787844
MAGEL2	1.7847428
FLRT3	5.100719
ENSG00000283321	0.4299891
ENPEP	0.4299891
PKD1P2	0.4299891
EIF1AXP1	0.4299891
TCN1	1.7847428
APCDD1L	3.0435877
TNFSF8	0.4299891
TFAP2A	9.369511
COL5A1	9.286853
LRIG3	8.806497
CLEC14A	0.4299891
SLC22A17	3.7474651
OLFML3	3.2689085
VSIG4	0.4299891
CLIC5	0.4299891
STC1	5.4166207
C8orf48	2.3797202
FNDC1	5.741928
SCG2	5.100719
ZG16B	6.3756347
TRPM2	0.4299891
XKR7	5.1904497
DUSP9	6.29007
ENSG00000267458	0.4299891
EYA4	2.3797202
TOX	4.7146554
ENSG00000262202	3.2689085
ENSG00000248101	0.4299891
LIFR	10.546727
LYPD6B	7.8359013
ENSG00000259115	6.1367974
SOX17	3.7474651
DMRTA1	6.6001806
TERC	0.4299891
NOL4	7.204213
SLC1A1	1.7847428
SLC4A4	4.526235
BEX5	1.7847428
HOXC6	9.117645
SNORD3B-1	3.0435877
UNC5C	8.106578
FLNC	7.1513376
KLK8	0.4299891
CHST8	1.7847428
SNCA	7.041624
CD1C	0.4299891
MAP6	5.100719
IQCA1	6.0881996
TBC1D3D	0.4299891
H4C3	2.3797202
SLC6A17	7.2697783
CCN4	4.770518
NKD2	3.991868
HAPLN1	1.7847428
PLEK2	8.139757
FAM20C	7.43773
CUX2	3.2689085
ENSG00000273734	0.4299891
TRIM55	4.2907324
CXCL14	1.7847428
DSP-AS1	4.455062
OLIG2	0.4299891
FRMPD4	1.7847428
TREM1	0.4299891
RTP4	3.4564939
PRKCQ	3.0435877
CBWD4P	5.82385
CXCL2	3.7474651
CCNO	0.4299891
CA9	0.4299891
NRCAM	1.7847428
SNORA48	0.4299891
CPZ	2.7650015
CCDC33	0.4299891
INHBB	10.61704
IGFBP1	4.526235
MACC1-DT	0.4299891
ADGRL4	0.4299891
PTHLH	4.1988263
KLK5	0.4299891
NRN1	1.7847428
TUSC3	3.6150508
OSM	0.4299891
ENSG00000267436	4.9668365
MAP10	6.8303504
ENPP5	1.7847428
ENSG00000260570	7.5356293
NPY1R	2.3797202
BMP2	2.7650015
IQSEC3	0.4299891
ABCD2	1.7847428
H4C4	0.4299891
CELF2	5.017679
GASK1B	5.017679
ENSG00000258232	8.01346
PAMR1	2.7650015
PCDH19	3.0435877
ME1	10.530318
ERBB4	4.3762546
ENSG00000231864	0.4299891
ENSG00000289474	0.4299891
IKBKGP1	0.4299891
GPM6A	3.0435877
IL1R2	0.4299891
PLA2G2A	0.4299891
COL4A6	7.239127
MCIDAS	3.8718858
GOLT1A	1.7847428
SHISA3	6.4357452
ECHDC3	6.5700526
RN7SL4P	0.4299891
YBX2	9.919798
ENSG00000282330	7.642605
PLVAP	0.4299891
UBE2SP2	1.7847428
C1orf115	7.183283
GRIA2	0.4299891
ENSG00000249839	7.303377
DKK2	0.4299891
CCL3L1	0.4299891
TFAP2C	10.83781
ZNF229	9.124058
PCSK1	0.4299891
RAB32	9.620588
C1QB	0.4299891
ENSG00000288542	0.4299891
ROR2	7.528574
PPP1R1A	0.4299891
ALPL	1.7847428
RN7SKP203	0.4299891
ST6GALNAC3	3.2689085
PALM3	5.061293
GUCY1B1	5.82385
CHSY3	0.4299891
RMST	0.4299891
SYK	2.3797202
SNORD13	0.4299891
SNCG	3.7474651
PRR15	0.4299891
OR2A7	5.9751425
ENSG00000256569	0.4299891
PNMA6A	4.7146554
ARHGAP20	0.4299891
ENSG00000273221	6.2625647
MMP10	2.7650015
MT-TS2	0.4299891
LINC01106	8.783938
SPOCK3	2.7650015
HMCN1	6.0881996
TMEM171	5.147226
CADPS2	5.664162
VAX2	3.4564939
HOXB3	10.238479
IGHG2	0.4299891
ARAP1-AS1	3.6150508
CRMP1	6.1017127
ENSG00000215861	3.991868
BMP7	7.5507
TNNT3	0.4299891
SHD	0.4299891
CEMP1	4.7146554
LINC01291	6.6622596
METTL7B	3.6150508
JPH1	2.7650015
TCL1A	0.4299891
TRPV4	2.7650015
SEC22B3P	0.4299891
TGFB2-OT1	7.239127
KLHDC8A	0.4299891
HEY2	0.4299891
NLGN1	4.5931025
IGHG4	0.4299891
SLC25A21-AS1	5.9015894
ENSG00000289316	3.6150508
ENSG00000259807	1.7847428
SNORA33	0.4299891
ENSG00000256861	4.7146554
NCKAP5	0.4299891
MTARC2	6.8435035
CPVL	5.6413226
PTGDS	4.095945
ENSG00000269693	3.4564939
ENSG00000274741	7.8140745
ARSI	7.0587463
ALDH3A1	0.4299891
ENSG00000272872	6.321315
CCDC3	2.7650015
ENSG00000249967	4.9193883
KCNF1	0.4299891
MIR200CHG	0.4299891
KRT4	1.7847428
ENSG00000267279	1.7847428
LINGO2	2.3797202
HAGLR	7.598918
H3C1	0.4299891
ENSG00000267257	4.657634
ENSG00000260597	6.8070035
BTC	0.4299891
ENSG00000289282	0.4299891
HOXC13-AS	5.2625146
ENSG00000287086	9.45928
MT-TH	0.4299891
DNM1P47	6.012345
PENK	0.4299891
ENSG00000256500	8.592562
GRIA3	0.4299891
GRAP	2.3797202
PARM1	4.1988263
STUM	1.7847428
TMEM132C	0.4299891
ENSG00000281922	2.7650015
ENSG00000272141	0.4299891
CASC8	0.4299891
ENSG00000264063	0.4299891
ENSG00000277437	0.4299891
MYO18B	0.4299891
HKDC1	5.3421693
SLC66A1L	5.558753
ADGRL3	5.1904497
ANPEP	12.338332
LIN7A	7.017582
TNFRSF18	1.7847428
MT-TT	0.4299891
COL21A1	6.773663
ENSG00000259185	6.0881996
PID1	8.122316
RN7SKP71	1.7847428
GSTT2	0.4299891
ADGRG5	1.7847428
LARGE2	3.991868
ENSG00000273799	4.821519
SCNN1B	4.7146554
BCL11B	4.7146554
HMGCS2	0.4299891
ENSG00000284057	7.1182394
DAB1	2.7650015
ARHGEF16	5.017679
COL4A1	6.247908
ENSG00000258749	5.7948623
GSPT2	9.345007
UGT3A2	0.4299891
ENSG00000269987	0.4299891
NKX1-2	2.3797202
ENSG00000289075	0.4299891
LRP1B	3.991868
KRT18	13.085014
TRAM1L1	7.1329346
TDRP	6.8070035
GFRA2	0.4299891
ENSG00000273217	0.4299891
SLC35F3	7.8781557
CD7	0.4299891
RNY1	0.4299891
PHLDA2	6.2625647
SNORA73B	4.9668365
KCNH8	1.7847428
MEGF10	1.7847428
TASL	0.4299891
ENSG00000283809	0.4299891
PTPRN	0.4299891
RPRM	0.4299891
UNC5D	0.4299891
SH2D1A	3.4564939
PRDM16-DT	2.3797202
ZNF711	10.073479
IRX4	0.4299891
SPESP1	0.4299891
RTN1	3.7474651
CALHM6	0.4299891
DPYSL4	5.5879674
FAM110C	5.4537435
ENSG00000267102	6.247908
ENSG00000263424	4.7146554
ENSG00000282220	4.7146554
SH3GL2	0.4299891
COBL	3.991868
ENSG00000259049	6.707451
EPHA2	10.948312
HCN4	2.7650015
SH3BP4	11.867032
ELFN1-AS1	0.4299891
XK	6.1184554
CYBB	2.7650015
FAM189A1	1.7847428
DRD2	2.3797202
ENO1P4	0.4299891
KITLG	6.6135716
SCARA5	4.869153
PKIA	5.850807
IGFN1	1.7847428
ENSG00000230733	6.7339196
CDKN2B	0.4299891
HOXA4	3.4564939
ENSG00000284874	3.4564939
ENSG00000229953	2.3797202
QPCT	7.6374683
PRTG	8.801809
ITGAM	4.455062
CATSPER1	3.4564939
PLPPR1	0.4299891
FAM13C	2.7650015
RTL1	0.4299891
MUC5AC	4.770518
VWA1	7.1101627
UBD	1.7847428
CDK5R2	4.770518
IMPDH1P10	2.3797202
SUCNR1	1.7847428
TMSB4Y	0.4299891
SALL3	0.4299891
FIBCD1	6.3756347
CD163	0.4299891
SLC8A3	0.4299891
GPR65	2.7650015
MIR493HG	6.0732355
CPA3	0.4299891
CADM2	3.991868
SLC7A3	1.7847428
EMILIN3	1.7847428
ACY3	0.4299891
NUDT10	2.3797202
KLK1	1.7847428
ENSG00000266088	4.2907324
TRDC	0.4299891
EFNB3	6.9657526
ENSG00000273420	0.4299891
NKAIN1	4.2907324
GDF6	3.2689085
SP8	1.7847428
CPNE8	9.976214
ENSG00000269983	5.4166207
ENSG00000276855	7.562022
PNMA8B	0.4299891
PCP4	0.4299891
SYT7	4.770518
FOXD3-AS1	6.7339196
SNORA12	0.4299891
MUC13	0.4299891
TRIL	0.4299891
C1QL1	4.821519
HNF4G	7.068699
ENSG00000268400	7.4096127
ENSG00000289517	4.526235
LRRC15	5.2998524
MAFIP	0.4299891
PDGFD	4.821519
PLPPR5	0.4299891
ENSG00000265784	7.204213
ZEB2-AS1	0.4299891
C1QA	0.4299891
SLC27A6	0.4299891
MAGEA1	3.6150508
KCNK2	1.7847428
LRP3	4.5931025
BMP5	6.9888787
APOB	1.7847428
ENSG00000286614	5.527214
MYOF	14.590888
AFP	0.4299891
VSTM2L	4.770518
MAPK15	3.0435877
RCC2-AS1	6.759542
RASSF10	0.4299891
GJA3	8.652213
HOXB7	9.457193
WLS	8.561776
SEC22B2P	1.7847428
LY96	3.2689085
ST8SIA3	0.4299891
PCDHA3	3.2689085
PROM1	2.7650015
WNT7A	4.9193883
RYR2	0.4299891
ENSG00000286190	4.095945
SPARC	5.766333
FABP4	3.6150508
PCDHB8	4.455062
DLC1	8.113921
LINC01605	0.4299891
OR2A20P	7.642605
ENSG00000285982	8.729432
MUC3A	5.4166207
ZFP57	0.4299891
H2BC9	0.4299891
TRIM6-TRIM34	6.6001806
SIX1	7.6374683
ENTPD2	4.1988263
SOX18	4.095945
CSRNP3	2.3797202
CYP39A1	3.2689085
RUNX3	2.3797202
LRRC26	0.4299891
SPTA1	1.7847428
CACNA2D3	2.3797202
HOXA3	6.2625647
HS6ST3	1.7847428
SNORD97	0.4299891
NT5E	11.320325
ENSG00000272114	4.455062
ENSG00000259952	4.3762546
RNU5A-1	0.4299891
SLC28A3	0.4299891
ST6GALNAC1	0.4299891
CKS1BP3	2.3797202
GRB14	5.8777475
PTPRC	3.2689085
ENSG00000267303	7.528574
ENSG00000285779	0.4299891
TPBG	10.261702
PXDC1	8.838687
SELP	0.4299891
ENSG00000260371	3.2689085
INHBA	4.1988263
MIR124-1HG	3.0435877
GUCY1A2	4.2907324
RAC1P2	4.095945
H2AC16	1.7847428
C1QC	0.4299891
DBH	0.4299891
ENSG00000229047	0.4299891
NRXN1	0.4299891
GP1BB	1.7847428
CCR5	0.4299891
IGHA2	0.4299891
HOXD1	4.770518
YAP1	12.8794155
SNORD15B	3.0435877
ENSG00000271127	4.821519
MYO7B	0.4299891
BICC1	4.7146554
FOLR1	1.7847428
SLC9A2	6.935155
HSPB2	1.7847428
VCAN	3.7474651
RPL36AP21	2.3797202
ENSG00000259623	7.1970778
RAMP2	3.0435877
GPR22	0.4299891
FOXL2	6.9657526
ENSG00000249209	7.8321857
H2AC12	1.7847428
PNMA3	3.8718858
ENSG00000254778	0.4299891
ENSG00000188223	4.9193883
ZSCAN23	6.177071
ENSG00000245385	5.8777475
LYVE1	0.4299891
SEMA3A	9.904527
ENSG00000286078	5.617096
EDA2R	2.3797202
KCNQ1	4.657634
TMPRSS2	6.29007
PRF1	0.4299891
SHISAL1	6.707451
BMP4	1.7847428
C11orf96	1.7847428
RAB17	2.3797202
C2CD4C	4.455062
ENSG00000235111	0.4299891
ENSG00000256813	7.603778
RET	6.623979
ENSG00000285245	0.4299891
COLCA2	2.7650015
PTGER3	3.2689085
CRYZL2P-SEC16B	4.1988263
BLACAT1	0.4299891
XPNPEP2	1.7847428
IGSF9B	7.996105
FXYD2	0.4299891
KRBOX1	0.4299891
NR0B1	0.4299891
TNFSF12-TNFSF13	5.061293
ENSG00000233728	6.4713
HTR7	6.012345
THBS1-IT1	0.4299891
HDX	6.949225
MT-TV	0.4299891
MARCO	0.4299891
BEX2	9.702971
ADRA2A	2.3797202
SYT3	1.7847428
GAPT	1.7847428
LINC01679	0.4299891
ENSG00000286596	2.3797202
TSPAN2	0.4299891
SNCB	4.1988263
COL25A1	1.7847428
GIMAP1-GIMAP5	0.4299891
ENSG00000285330	3.6150508
HPCAL4	4.095945
TLR4	3.4564939
CARD11	1.7847428
LIMCH1	4.869153
PACSIN1	2.7650015
ENSG00000285515	2.7650015
ENSG00000285213	2.7650015
ENSG00000289733	0.4299891
CXCL3	3.0435877
ARHGAP40	0.4299891
ALPK2	6.8070035
MPEG1	0.4299891
SOX8	4.770518
SLC40A1	4.1988263
TFF1	0.4299891
AQP9	0.4299891
ENSG00000283239	6.746039
PRDM13	0.4299891
TMEFF1	5.147226
LURAP1L	8.781495
CX3CR1	3.0435877
KCNC3	7.297228
NUS1P1	2.3797202
SIGLEC5	1.7847428
ENSG00000285839	0.4299891
ENSG00000257653	4.9668365
NMRAL2P	0.4299891
ENSG00000285457	0.4299891
KIRREL2	6.6756377
H3C2	2.3797202
TYRP1	0.4299891
DBH-AS1	0.4299891
HOXB-AS1	7.426668
HENMT1	9.40283
ESPN	3.8718858
TUBBP5	0.4299891
SULF1	0.4299891
PDGFC	9.27243
KRT86	4.095945
ENSG00000230715	0.4299891
DSCAML1	0.4299891
DPEP2	0.4299891
TBX2-AS1	3.2689085
KCNS3	4.869153
KCNJ4	0.4299891
ENSG00000285171	0.4299891
RPPH1	0.4299891
KCNG3	7.2122126
NKG7	2.7650015
DLX6	5.100719
NSG2	2.3797202
ZRSR2P1	4.1988263
THSD7A	8.854007
ENSG00000249971	0.4299891
PKDCC	6.2139244
ENSG00000267261	6.49564
AMPH	0.4299891
ENSG00000286231	0.4299891
EVPL	5.69045
TSPAN1	6.3455834
HCAR3	0.4299891
SLC27A2	3.2689085
KCNB2	0.4299891
TMEM59L	5.100719
CHST13	0.4299891
DYNLT5	0.4299891
NTS	2.3797202
RIBC2	5.7174397
ENSG00000282339	1.7847428
ENSG00000288488	0.4299891
NPR1	2.7650015
ANO2	0.4299891
TRO	5.3421693
MCF2L-AS1	0.4299891
CTAG2	0.4299891
MRC1	2.3797202
CNTNAP4	3.8718858
KCNA2	0.4299891
ENSG00000273760	3.0435877
ENSG00000288304	3.0435877
CST7	1.7847428
LYPD6	6.2770658
NXPH2	6.8893547
ENSG00000264668	0.4299891
ATP2B3	0.4299891
ENSG00000230650	7.277605
AQP4	3.2689085
KLHDC7A	0.4299891
ENSG00000254400	2.3797202
NRG3	1.7847428
STON1-GTF2A1L	0.4299891
CXCL10	0.4299891
PTPRT	0.4299891
MGAM2	0.4299891
CELF2-AS1	0.4299891
HRCT1	1.7847428
CLVS2	5.527214
ENSG00000272763	7.997946
FAM187A	0.4299891
ENSG00000285238	8.5708475
TLR9	0.4299891
ENSG00000260537	7.9438477
MYO3A	0.4299891
ENSG00000289261	4.869153
MAFB	0.4299891
ENSG00000256152	7.290842
CSAG2	2.3797202
FBN3	2.7650015
TDO2	2.3797202
HOXC5	0.4299891
MYL4	0.4299891
HOXC12	3.0435877
EEF1E1-BLOC1S5	0.4299891
ENSG00000261061	4.9668365
ENSG00000271894	2.3797202
PDZD4	7.3672028
GAS1	3.991868
TCF15	0.4299891
NFE2	0.4299891
SKAP1	0.4299891
ENSG00000265118	0.4299891
PLS3	14.315888
CCR7	1.7847428
TMEM35A	2.7650015
TRPM2-AS	0.4299891
TRAT1	0.4299891
GFPT2	8.806497
DACT1	3.7474651
HLA-DOB	2.7650015
ENSG00000271204	0.4299891
EPSTI1	3.2689085
CCN1	12.633122
CHI3L1	0.4299891
ORM1	0.4299891
ENSG00000287023	0.4299891
HMX1	0.4299891
UNC13C	1.7847428
SNORA23	2.3797202
RNASE2	0.4299891
IL24	0.4299891
ENSG00000260401	0.4299891
PTPRQ	0.4299891
ENSG00000287394	4.9193883
MICOS10-NBL1	0.4299891
KLRG2	0.4299891
DLX1	6.707451
CRACDL	6.935155
GUSBP15	0.4299891
ANGPT1	3.0435877
ENSG00000289089	0.4299891
CXCR3	0.4299891
MEOX1	6.623979
ENSG00000288681	0.4299891
GALNT18	7.2618885
TBX5	0.4299891
HOXC-AS2	6.177071
RXRG	0.4299891
AS3MT	8.156359
AOAH	0.4299891
LTF	0.4299891
HBG2	0.4299891
GAPDHP35	0.4299891
ADRB2	6.29007
MEOX2	0.4299891
PRTFDC1	7.034004
SLAMF8	0.4299891
FOLR2	0.4299891
AGAP2-AS1	4.5931025
NTF4	4.2907324
ENSG00000272163	0.4299891
PCDHA6	0.4299891
NCAM1-AS1	0.4299891
TMEM26	5.7174397
NAPSB	2.3797202
ADAMTS20	1.7847428
FLI1	3.6150508
S100Z	0.4299891
MYBPH	0.4299891
ZNF469	5.3421693
CNTN5	1.7847428
MOCS1	6.854951
LEF1	5.9751425
GPA33	0.4299891
DMRT2	0.4299891
NIPAL4	4.095945
MAGEC1	1.7847428
ADCYAP1	0.4299891
ENSG00000256364	6.2770658
PLA2G7	1.7847428
SPNS3	2.7650015
PRTN3	2.3797202
ENSG00000254979	0.4299891
ENPP2	0.4299891
ONECUT2	7.239127
PIP5K1B	2.3797202
LMO2	4.5931025
ARHGAP25	0.4299891
FST	5.061293
EGFLAM	7.143422
NPY	0.4299891
MMP28	2.3797202
PAPPA-AS1	0.4299891
TGFA	5.1904497
DEFB1	0.4299891
ENSG00000282051	3.6150508
ENSG00000186076	0.4299891
ENSG00000268120	1.7847428
FCGR1A	0.4299891
ARHGDIG	1.7847428
ARL14	3.8718858
ZNF518B	9.77179
HRNR	3.4564939
RNU11	0.4299891
HOXC4	8.361241
CCDC184	4.7146554
ENSG00000288658	1.7847428
SYT9	7.6319475
AADAC	2.3797202
CREB3L3	3.7474651
TNFRSF19	5.9229083
FGF1	1.7847428
LINC01615	0.4299891
ENSG00000283984	9.279061
DPT	0.4299891
COL17A1	3.2689085
ERICH5	3.4564939
KCNIP1	0.4299891
ENSG00000287906	0.4299891
ZBTB45P1	0.4299891
ADORA1	5.3421693
SNORA74B	0.4299891
PI16	0.4299891
FAM163B	0.4299891
EPS8L3	0.4299891
CYP2J2	3.4564939
FOXD3	4.455062
CRTAC1	0.4299891
ENSG00000285089	0.4299891
ENSG00000288473	0.4299891
HSPA8P8	1.7847428
RNF182	10.579306
RNU5B-1	0.4299891
RAB27B	7.6319475
PLA2G3	0.4299891
LINC02970	2.7650015
OGDHL	5.4537435
ENSG00000279232	6.632903
PCDHGB5	0.4299891
MT-TQ	0.4299891
ENSG00000250264	0.4299891
LHX6	5.957016
PRR5-ARHGAP8	2.7650015
RIPPLY2	6.1367974
ENSG00000254665	5.2281666
TRIM15	0.4299891
ENSG00000265401	5.2625146
ENSG00000283886	0.4299891
ENSG00000287515	5.061293
RNY3	0.4299891
SNORA79B	0.4299891
MAT1A	3.0435877
ENSG00000288765	0.4299891
THY1	6.8303504
ENSG00000253190	3.7474651
ENSG00000284106	0.4299891
ENSG00000264545	7.3881874
PLD4	0.4299891
SPDEF	2.7650015
TMEM132D	0.4299891
SUMO2P21	0.4299891
GOLGA8T	5.7948623
SMIM24	2.7650015
SIGLEC1	0.4299891
MISP	7.7993364
ENSG00000286451	4.455062
BCAR1	6.5102563
HCLS1	3.7474651
ENSG00000289952	3.991868
RBPMS2	7.7195024
SH3RF3	5.527214
ENSG00000272121	2.3797202
ENSG00000232581	0.4299891
COL6A1	7.6685333
PCDHA2	3.2689085
POU3F2	1.7847428
EBI3	4.5931025
PDGFRB	4.1988263
LINC00273	0.4299891
LGALS12	0.4299891
TFAP2A-AS1	5.061293
MTCO3P22	1.7847428
ENSG00000275018	0.4299891
EDN1	7.8140745
MT1M	0.4299891
SP5	1.7847428
ENSG00000273047	0.4299891
ENSG00000289273	1.7847428
ENSG00000229413	0.4299891
ENSG00000276842	0.4299891
ADAM12	1.7847428
ENSG00000232220	8.050236
FUT7	0.4299891
PCDH8	0.4299891
NKX2-2	0.4299891
LMO1	1.7847428
ENSG00000247033	3.6150508
ENSG00000264058	3.2689085
RHEBP2	5.766333
PRSS57	0.4299891
CACNA2D4	0.4299891
GPR174	3.2689085
CCL4L2	0.4299891
EOMES	7.598918
ATRNL1	5.2998524
SOX1	0.4299891
PCDHB6	6.6968646
ZMAT4	0.4299891
PRPH	4.770518
CORO7-PAM16	0.4299891
SYT8	0.4299891
ENSG00000198211	0.4299891
PDX1	4.1988263
ELFN2	6.651285
ENSG00000267815	3.991868
ENSG00000275857	0.4299891
COL2A1	0.4299891
ENSG00000254680	3.991868
RNF180	7.017582
ENSG00000260966	0.4299891
DLL3	9.51877
PNOC	0.4299891
GLYATL2	0.4299891
SCARNA16	0.4299891
ENSG00000268173	0.4299891
ISCA1P1	5.9928107
ENSG00000111780	0.4299891
CD177	1.7847428
ENSG00000259357	7.277605
ENSG00000290124	1.7847428
BRINP3	6.49564
DACT2	5.2625146
ENSG00000249741	0.4299891
ENSG00000261312	6.4166837
SLC9A3R1-AS1	1.7847428
ENSG00000243655	0.4299891
NDNF	1.7847428
PTPRN2	5.9751425
BANK1	7.017582
WNT5A-AS1	2.7650015
ASGR2	0.4299891
DOK6	2.3797202
FAM43B	5.4537435
TPPP3	3.6150508
NACAD	4.2907324
ENSG00000283537	3.991868
GIPC3	6.1017127
CDS1	7.6527166
HOXA-AS3	3.4564939
ENSG00000270149	5.8777475
OLFM4	0.4299891
LINC02454	5.664162
C14orf39	0.4299891
POTEF	6.7968974
SOSTDC1	0.4299891
KLHL4	10.017758
IVL	1.7847428
RTN4RL1	3.6150508
FOXA3	3.991868
ENSG00000256013	5.6413226
FRZB	0.4299891
LRRC10B	1.7847428
MUC15	3.991868
NRSN1	0.4299891
FCGR2B	1.7847428
TMEM151A	4.9193883
NTSR1	8.23602
LINC00865	2.3797202
SH2D3C	3.4564939
TMEM37	4.2907324
PROK2	0.4299891
RARRES2	0.4299891
BAGE2	0.4299891
RAB44	0.4299891
HSPA7	0.4299891
PTPRR	2.3797202
SYT6	0.4299891
RFLNA	1.7847428
LY6D	0.4299891
LHFPL4	0.4299891
RASL12	1.7847428
LINC02967	2.3797202
EPDR1	9.807479
CACNA1C	1.7847428
FBXL21P	0.4299891
THEMIS	0.4299891
IGHV4-34	0.4299891
MS4A14	0.4299891
GJB5	0.4299891
SLITRK1	2.3797202
OLFM3	0.4299891
RGS6	0.4299891
CYP26B1	8.110051
NEXMIF	0.4299891
LDHAP3	0.4299891
AFF2	2.7650015
CLEC12A	0.4299891
ACOT4	5.100719
IRX5	5.2625146
XG	0.4299891
LINC01357	2.7650015
HOXA1	6.8893547
ENSG00000253722	4.657634
STEAP1B-AS1	7.2697783
TOX-DT	2.7650015
SNORA5C	0.4299891
PXDN	5.1904497
LOXL1	5.017679
LILRB2	1.7847428
OR2W3	0.4299891
SDHAP2	0.4299891
GLIS1	3.991868
ENSG00000269968	0.4299891
COL4A5	10.369664
ENSG00000259627	0.4299891
ENSG00000267598	0.4299891
PCOLCE2	8.205371
OCA2	0.4299891
NOG	6.460973
ADAMTS9	0.4299891
TLX3	0.4299891
URGCP-MRPS24	0.4299891
FAM226B	2.3797202
IGKV3-20	0.4299891
HOXA-AS2	4.526235
S100A2	5.850807
P3R3URF-PIK3R3	4.455062
MAGEC2	1.7847428
WNT6	3.4564939
IP6K3	1.7847428
LRRC4C	0.4299891
SEMA6D	1.7847428
ENSG00000263917	1.7847428
SLC7A2	3.8718858
ITGB2	4.5931025
S100A3	5.061293
DPEP1	1.7847428
CCM2L	3.4564939
LDHAP7	3.4564939
ECEL1	4.1988263
MFNG	4.095945
TSLP	4.657634
TSPAN18	6.8651714
GDF10	0.4299891
SLC7A5P2	0.4299891
KCNJ12	4.526235
CA12	3.991868
ENSG00000270299	5.9229083
ENSG00000251184	5.617096
SCN4A	0.4299891
IFI44	3.6150508
ADCYAP1R1	1.7847428
RGS7BP	0.4299891
ENSG00000267022	6.0351543
HOXA5	5.2625146
ENSG00000276965	0.4299891
SFN	5.7948623
TRGC1	0.4299891
ENSG00000277400	6.0351543
SCN4B	3.991868
TENM2	6.1569967
TSPAN12	6.0351543
LEMD1	2.3797202
ANKRD35	1.7847428
ZNF280A	0.4299891
FGF14-AS2	5.017679
VGLL1	1.7847428
TRIM10	0.4299891
CRIM1-DT	7.6685333
ENSG00000254673	2.3797202
GPX8	10.265497
ENSG00000285628	2.3797202
CNTNAP3B	7.9044876
ATP2B2	0.4299891
ZAP70	2.7650015
SNRPEP2	0.4299891
TXLNB	1.7847428
ENSG00000282221	0.4299891
SLAMF7	0.4299891
HECW2-AS1	0.4299891
SNORA7A	0.4299891
PPP2R2C	9.481724
HCAR2	2.3797202
KRT34	0.4299891
PRRT4	0.4299891
P2RY14	2.7650015
SMTNL2	1.7847428
FAM133A	4.095945
DMRTA2	0.4299891
ENSG00000262831	9.086051
EFHD1	10.134232
PPIC	9.542222
RAC2	4.869153
LINC02610	5.7174397
SP9	1.7847428
FGF9	0.4299891
EIF3EP1	5.147226
LRFN2	0.4299891
BBOX1	0.4299891
GSTA1	0.4299891
ENSG00000100101	0.4299891
FABP6	0.4299891
RPSAP53	2.3797202
C1GALT1C1L	4.657634
S1PR5	6.29007
RNF175	2.3797202
TCEAL9	10.005072
RGPD2	7.158186
FCRLA	2.3797202
MMP9	1.7847428
ATOH8	3.6150508
DCN	4.770518
RN7SKP176	0.4299891
ENSG00000272851	6.6135716
IL1RAPL1	4.1988263
TNNI3	5.3421693
ENSG00000258064	0.4299891
APOD	1.7847428
ZNF488	6.942339
ADGRB1	4.821519
HK3	0.4299891
CRB3	1.7847428
HNF1B	3.0435877
CHST15	9.292874
SBSN	1.7847428
B4GALNT1	8.825304
GAGE12F	0.4299891
KCNQ3	2.3797202
OPCML	0.4299891
C11orf87	1.7847428
RPL10P6	0.4299891
ISL2	2.3797202
RBP1	6.8186417
ENSG00000278817	0.4299891
CSF2	1.7847428
IL1A	0.4299891
ENSG00000283243	0.4299891
ELAVL3	0.4299891
SINHCAFP3	1.7847428
SNORA70	0.4299891
SH3GL3	0.4299891
ZNF239	8.734303
SSTR5	0.4299891
KIAA1549L	9.476343
RPS23P8	0.4299891
BEX3	10.158178
RPSAP52	4.770518
TDRD9	2.3797202
LINC02887	4.3762546
B3GALT2	0.4299891
NRROS	6.0351543
CACNA1B	5.741928
ENSG00000256417	0.4299891
LIF-AS2	5.664162
FGL1	0.4299891
ENSG00000262967	0.4299891
ENSG00000260244	1.7847428
NCR3	2.3797202
EIF4EP2	0.4299891
DNTT	1.7847428
SNRPGP2	0.4299891
CDRT4	6.0881996
ENSG00000285722	2.7650015
PRSS35	3.0435877
CAPN6	1.7847428
MATN3	7.426668
HAGLROS	1.7847428
LCN10	0.4299891
DIRAS3	0.4299891
SCGN	0.4299891
ENSG00000274434	0.4299891
DOCK1	11.673225
ABALON	5.017679
FOXN4	0.4299891
CLDN23	5.69045
PAX2	7.3672028
LINC02600	3.6150508
GABRE	2.3797202
NTNG1	3.6150508
SLC44A4	1.7847428
POTEE	4.455062
MAGEB2	0.4299891
ENSG00000268643	8.260452
WASH7P	0.4299891
ENSG00000229970	5.4537435
TM6SF1	5.8777475
PRR36	4.657634
RHBDL3	5.017679
SOWAHA	0.4299891
ENSG00000259132	7.5356293
PPP1R14BP3	6.012345
NPTX1	5.5879674
ENSG00000273046	5.664162
RMRP	0.4299891
ENSG00000286239	4.455062
ENSG00000288990	3.7474651
ZFHX4-AS1	1.7847428
NR2F1	7.8922434
P2RY13	0.4299891
SNORD3B-2	0.4299891
ENSG00000218175	0.4299891
MT1A	4.1988263
GALNT17	0.4299891
KIAA1143P1	0.4299891
BRINP2	0.4299891
ENSG00000266872	7.068699
XCL1	0.4299891
ENSG00000283375	0.4299891
PSMC1P1	0.4299891
ENSG00000267886	0.4299891
DDX43	10.328854
TOX2	8.502058
VGF	5.527214
FEZF1	0.4299891
IL18R1	1.7847428
SNORD14A	0.4299891
STYXL2	0.4299891
PTH2R	1.7847428
HAND1	0.4299891
GPR55	0.4299891
EIF2S2P4	8.01346
C3AR1	0.4299891
WNT7B	7.6319475
OSR1	5.4916534
TP53TG3D	5.741928
NCAN	3.6150508
ENSG00000262456	4.9193883
GATA3-AS1	3.0435877
ZNF311	1.7847428
ENSG00000267007	0.4299891
ZNF214	7.567376
H2AC13	2.7650015
CHRM2	0.4299891
ENSG00000253645	4.3762546
ARHGEF25	7.847494
HHEX	7.2697783
DENND1C	2.3797202
RIMBP3C	4.2907324
VTCN1	0.4299891
ENSG00000286600	0.4299891
GPS2P1	3.2689085
ENSG00000234431	4.9193883
LINC00992	2.3797202
L1CAM	10.228743
ENSG00000260035	0.4299891
SEMA3C	12.353067
VIL1	1.7847428
PRKAR1B-AS1	0.4299891
BMX	0.4299891
GYG2	5.4166207
PURG	3.6150508
RGL3	7.1513376
TEAD1	11.855784
SLC10A4	3.8718858
DHX40P1	0.4299891
LINC01508	2.7650015
STEAP1B	7.2852106
PAK5	2.3797202
SLC38A4	5.017679
ENSG00000288044	0.4299891
ENSG00000267062	0.4299891
TRIM31	0.4299891
BASP1	11.289794
RASD2	7.737093
NBPF6	0.4299891
MMP7	1.7847428
CARD10	6.8070035
MPZL2	4.526235
PCDHGB4	2.3797202
PPIAP9	3.7474651
BAALC	0.4299891
APLNR	0.4299891
HES4	3.4564939
TH	0.4299891
HPN	1.7847428
ZNF793-AS1	6.232092
GRHL3	9.128415
IL18RAP	0.4299891
PCDHB4	1.7847428
TBX21	1.7847428
MS4A6A	2.3797202
FAM131C	4.526235
C10orf90	3.6150508
H3C12	2.3797202
AMIGO2	10.256664
GZMB	0.4299891
SFRP4	3.7474651
P3H2	10.543741
CDC42EP1	7.684513
EMSLR	6.5359006
CLEC11A	1.7847428
RPS4XP22	3.8718858
PRG2	0.4299891
CORO1A-AS1	0.4299891
FAM162B	1.7847428
VSTM1	3.2689085
CD79A	2.7650015
ENSG00000274615	7.326133
ENSG00000267484	5.4537435
AJAP1	0.4299891
LAMB3	4.869153
PARD3B	6.746039
ENSG00000287407	1.7847428
GRID2	0.4299891
EMB	10.506061
KCTD8	0.4299891
TNFRSF8	0.4299891
MYH7	0.4299891
BHLHE22	0.4299891
HSPB3	0.4299891
ENSG00000258927	0.4299891
TDRD5	7.183283
FZD8	5.9229083
MTND4P24	1.7847428
ENSG00000272502	0.4299891
TNFRSF17	1.7847428
PTH1R	0.4299891
ENSG00000289758	0.4299891
ATP6V0A4	3.0435877
MRPS36P1	0.4299891
NKAIN4	4.5931025
KCNH7	3.991868
ENSG00000277559	4.1988263
PTGFRN	6.1184554
ENSG00000282057	5.69045
HOTTIP	2.7650015
KISS1	0.4299891
TM6SF2	4.455062
ENSG00000255836	0.4299891
SHROOM2	2.3797202
NOP56P1	0.4299891
SNORA49	0.4299891
PLPPR3	5.741928
GRAPL	0.4299891
PPARGC1A	1.7847428
ENSG00000255882	3.0435877
RAB7B	3.2689085
FOXJ1	0.4299891
UCN2	0.4299891
COL1A2	5.1904497
OSR2	5.7174397
MT-TM	0.4299891
IGSF21	0.4299891
WSCD2	0.4299891
C11orf52	0.4299891
SNCAIP	0.4299891
TDRD6	0.4299891
TOMM40P1	3.8718858
SEPTIN10	12.057255
MPHOSPH10P2	4.3762546
SNORA8	0.4299891
NRG2	6.460973
ENSG00000258830	0.4299891
KCNIP3	6.3043437
CYP26A1	0.4299891
FZD10	0.4299891
PYCARD	4.5931025
IFNE	3.4564939
GSC	3.4564939
VIPR1	0.4299891
WNK2	6.1569967
ACTL6B	0.4299891
SMOC1	1.7847428
PEDS1-UBE2V1	0.4299891
ENSG00000273259	4.1988263
DAB2	7.9630785
ENSG00000259436	1.7847428
COL12A1	8.644601
SNORA17B	0.4299891
LINC02783	0.4299891
EPHA5-AS1	0.4299891
SCN3A	2.7650015
KCNA3	0.4299891
ROBO2	3.8718858
TM4SF4	1.7847428
HS3ST5	0.4299891
GLIS3	7.626708
KRT1	0.4299891
PSG9	3.0435877
H1-1	0.4299891
TMEM132E	2.7650015
ELANE	0.4299891
SNORA53	0.4299891
ANXA1	11.644186
MYRIP	4.7146554
MIR25	0.4299891
IL1RL2	0.4299891
SNORA74A	0.4299891
TENT5B	6.8994603
MTMR8	5.69045
ARHGAP19-SLIT1	3.0435877
CMKLR1	2.3797202
ENSG00000268713	0.4299891
PAX5	4.821519
HCG4	0.4299891
AOX1	5.7174397
EEF1GP1	6.786578
ME3	9.044693
RGS8	0.4299891
CYP11A1	2.3797202
IGHV3-33	0.4299891
ENSG00000287296	5.2625146
MAP3K5-AS2	0.4299891
CDSN	0.4299891
IRX6	0.4299891
CRYBG2	3.4564939
C19orf81	0.4299891
PREX2	0.4299891
RASL11B	1.7847428
ERC2	1.7847428
ENSG00000288147	5.6413226
KRT87P	1.7847428
ENSG00000290043	0.4299891
MAST3-AS1	0.4299891
GGTA1	3.0435877
NKX2-8	2.3797202
ZBED10P	2.7650015
HBE1	3.4564939
HMX2	4.1988263
IFI16	6.333712
CXXC4	6.68775
RPL12P16	0.4299891
CD163L1	4.455062
NKX3-2	3.8718858
EDN2	0.4299891
DCAF12L2	0.4299891
GPR18	1.7847428
DENND10P1	4.3762546
NLRP6	3.0435877
PCDHA7	0.4299891
SIM1	0.4299891
SDC1	10.352783
KCNK15	6.1569967
MYCT1	1.7847428
ADGRG3	2.3797202
ENSG00000283839	1.7847428
ENSG00000255730	0.4299891
DAPP1	2.7650015
THSD7B	0.4299891
PCDHB3	3.4564939
SLC8A2	3.0435877
NECAB2	3.0435877
TKTL1	0.4299891
TPSAB1	1.7847428
IGHV4-59	0.4299891
RHEBP1	5.9015894
GATA2	7.6685333
ENSG00000282788	7.9169664
GREM2	0.4299891
PDE9A	5.3789105
FREM2	3.0435877
ENSG00000288797	6.0732355
RSPO4	2.3797202
INSYN2A	1.7847428
TRABD2B	0.4299891
ENSG00000288845	0.4299891
ENSG00000269621	0.4299891
ENSG00000269292	6.773663
NME5	5.2998524
KRT80	10.153899
ETV1	6.8186417
PIK3CD-AS1	0.4299891
EFCC1	2.3797202
PDCD1	0.4299891
GIPC2	0.4299891
ENSG00000227496	1.7847428
ICOS	0.4299891
ENSG00000289685	5.9229083
HMGCLL1	0.4299891
COPZ2	5.147226
LCK	3.4564939
LCP1	5.100719
GALNT8	0.4299891
PCDHAC1	4.095945
HAR1A	3.991868
HES7	6.0732355
AGAP7P	6.387731
MYBPC1	0.4299891
PSCA	3.0435877
LCNL1	4.095945
FAM189A2	2.3797202
LY75	3.4564939
VWF	0.4299891
ENSG00000288767	1.7847428
ENSG00000266401	5.7174397
ADAM1A	0.4299891
TMPRSS11E	0.4299891
S1PR1-DT	0.4299891
RNVU1-31	0.4299891
LHX9	1.7847428
ENSG00000288623	0.4299891
SNORA57	0.4299891
ENSG00000267648	2.7650015
SNORD3A	0.4299891
PPP4R4	8.610684
ENSG00000232821	0.4299891
ENSG00000255026	2.7650015
VCAN-AS1	0.4299891
CRHBP	5.4166207
KLHL13	6.195298
ENSG00000258964	7.1101627
ALK	0.4299891
CBLN2	4.526235
LPAR5	1.7847428
ANKRD2	0.4299891
ENSG00000277459	1.7847428
HDC	0.4299891
ENSG00000285446	0.4299891
MT-TF	0.4299891
KLRC2	1.7847428
FCMR	1.7847428
EVI2A	1.7847428
NAV2-AS1	5.617096
NDP	0.4299891
ALB	0.4299891
ZNF112	7.8140745
AMBP	1.7847428
ENSG00000269981	0.4299891
DPP10	0.4299891
ENSG00000268027	0.4299891
SNORD94	0.4299891
CXorf65	0.4299891
GATA6-AS1	0.4299891
RAB39B	10.04174
NBPF4	0.4299891
HMGB1P6	11.062716
SERPINA6	0.4299891
ENSG00000279208	3.2689085
WNT10A	3.6150508
CAMP	0.4299891
GRM8	0.4299891
PTPN22	2.7650015
GPR15	0.4299891
NUS1P2	2.3797202
SIRPG	0.4299891
DIO2	3.2689085
PLA1A	0.4299891
RHOJ	0.4299891
C5orf58	0.4299891
GLP2R	0.4299891
MT-TG	0.4299891
ANXA8	2.7650015
FBLN5	5.664162
HMSD	6.0351543
CRISP3	0.4299891
RASGRP2	4.7146554
LRRC4B	2.3797202
GZMA	0.4299891
RBM11	4.869153
ARAP3	6.177071
CALHM5	3.8718858
ADPRH	8.3757105
CLEC10A	0.4299891
DSC2	9.9431095
ENSG00000263859	3.991868
ABCC6P1	2.3797202
IGLV2-14	0.4299891
CPNE4	3.7474651
ALOXE3	5.2281666
ENSG00000253356	2.3797202
ENSG00000248710	5.957016
ENSG00000277693	4.869153
SIGLEC9	0.4299891
GREM1-AS1	0.4299891
CCDC89	0.4299891
TLX1	2.7650015
PMS2P10	5.617096
RPL21P16	0.4299891
NXPH1	0.4299891
ENSG00000247134	3.0435877
ENSG00000251569	6.387731
ANGPTL1	0.4299891
DUSP23	6.957211
CD300C	1.7847428
NUAK1	9.947968
ENSG00000254578	4.5931025
RAET1L	2.3797202
ADGRB3-DT	1.7847428
MAOB	2.3797202
NGFR	5.147226
MT-TI	0.4299891
PRSS2	0.4299891
LINC00858	5.766333
CACNA1C-AS1	0.4299891
MYOZ2	0.4299891
ENSG00000276278	5.4537435
DDAH1	9.670426
COL14A1	3.4564939
ZDHHC22	3.2689085
UGT2B7	0.4299891
ITGA9	1.7847428
MMEL1	0.4299891
CLEC3B	0.4299891
HOTAIRM1	7.562022
CYGB	3.0435877
ENSG00000272449	0.4299891
C1QTNF4	0.4299891
NCAM1	4.821519
ENSG00000231591	0.4299891
ENSG00000206296	0.4299891
ENSG00000235540	0.4299891
POMC	0.4299891
ENSG00000268565	4.7146554
FOLR3	0.4299891
LILRA1	0.4299891
ENSG00000249590	5.69045
RNU4ATAC	0.4299891
HTR3A	0.4299891
TSPEAR-AS1	6.1017127
ENSG00000284801	0.4299891
ENSG00000259607	0.4299891
PMS2P8	6.2770658
ARHGDIB	5.7174397
COL23A1	2.3797202
NEU4	3.7474651
FAM166C	1.7847428
UBASH3A	0.4299891
HOXC-AS1	4.657634
ZNF730	1.7847428
HTR1B	6.8774624
AADACP1	1.7847428
LINC00494	0.4299891
HOXC-AS3	6.8893547
CCDC68	4.7146554
ENSG00000286673	6.3455834
LINC01833	3.8718858
ENSG00000272679	6.854951
CDK15	4.2907324
ENSG00000212195	1.7847428
APOBEC3B	7.593045
H2BC7	0.4299891
PMS2P14	0.4299891
CLEC2B	6.0881996
ENSG00000288841	6.195298
PAH	1.7847428
ENSG00000218426	0.4299891
CYP4F22	2.7650015
KRT6C	0.4299891
GAL3ST3	0.4299891
NACA3P	3.4564939
KCTD4	0.4299891
ENSG00000250155	0.4299891
EVC	8.311236
PLAU	13.595909
IL36RN	0.4299891
ELAVL2	0.4299891
SPAG6	0.4299891
DLL1	5.527214
MCHR1	0.4299891
ENSG00000278177	0.4299891
CYP4F35P	5.4166207
CALY	1.7847428
BSPRY	4.3762546
ANXA10	0.4299891
CCN2-AS1	3.2689085
ICA1-AS1	0.4299891
SALL2	6.707451
TBX15	4.7146554
DCC	0.4299891
CDH20	0.4299891
ENSG00000267313	1.7847428
ENSG00000267774	0.4299891
XYLT1	8.09403
C1QL4	4.9193883
KHDRBS2	0.4299891
ENSG00000273088	0.4299891
C5orf46	0.4299891
CH25H	0.4299891
ENSG00000274177	0.4299891
ENSG00000233836	3.6150508
HSP90AA6P	2.3797202
CD5	1.7847428
GPR17	0.4299891
SERPINB3	0.4299891
ENSG00000282205	1.7847428
ENSG00000259080	0.4299891
ENSG00000257764	0.4299891
NAT8L	7.587164
HS3ST4	0.4299891
HNRNPA3P6	5.9015894
FAM218A	5.100719
PSMC2P1	0.4299891
ENSG00000254510	0.4299891
TCEAL5	0.4299891
INO80B-WBP1	0.4299891
ENSG00000285920	5.957016
FIGNL2	2.3797202
VSTM2A	0.4299891
BDNF	3.4564939
HBD	0.4299891
SIGLEC7	0.4299891
ENSG00000285314	0.4299891
KLHDC7B	4.3762546
XIRP2	0.4299891
DCHS1-AS1	1.7847428
ZNF816-ZNF321P	4.5931025
SEMA3E	7.740753
ENSG00000280518	6.0351543
ZNF560	0.4299891
HLA-DQA2	0.4299891
SLC22A31	3.2689085
SLC16A5	7.8640156
HBQ1	0.4299891
ENSG00000234961	5.147226
SNORD83A	0.4299891
ORM2	0.4299891
LAMB2	10.078401
DCLK2	8.772247
CYRIA	3.0435877
TMPRSS15	4.9193883
SLITRK4	0.4299891
SLC44A3	4.770518
ADAMTS14	3.0435877
ENSG00000260197	0.4299891
SEZ6L2	8.941072
TRPV6	0.4299891
TEX19	2.3797202
DISP3	3.0435877
HFM1	3.7474651
SMIM10L2A	5.664162
NHLH2	0.4299891
MAP9	9.73364
ENSG00000216285	3.8718858
ENSG00000287156	0.4299891
CYS1	7.598918
CLIC3	1.7847428
GADD45G	0.4299891
TMEM176A	1.7847428
ENSG00000289850	2.3797202
P2RY8	4.3762546
DYSF	6.0881996
ENSG00000284644	3.7474651
MAMDC2	5.4537435
ENSG00000262714	0.4299891
ACTBL2	0.4299891
CSPG4	5.3789105
DIO3	5.7948623
CDC20P1	1.7847428
CFAP91	5.527214
ENSG00000283390	0.4299891
C4B_2	0.4299891
IGFBP6	4.657634
LINC02870	5.9751425
CDK6-AS1	2.3797202
CD40LG	0.4299891
AR	4.526235
MCEMP1	1.7847428
EBF2	3.0435877
ENSG00000276216	2.3797202
CD1D	0.4299891
PCDHA13	5.850807
CPLX1	3.4564939
NEUROG2	0.4299891
TMEM74	1.7847428
DEPDC7	7.1752424
MANCR	3.2689085
ENSG00000289623	1.7847428
FAM180A	1.7847428
ENSG00000275778	0.4299891
EPPK1	4.095945
TRPV2	5.4166207
PLAAT4	4.1988263
CD40	8.373443
DHRS9	4.095945
LIF	9.651933
SNORA52	0.4299891
TMEM54	5.527214
ZNF385D	7.9240074
STAB1	0.4299891
ENSG00000269918	4.5931025
KRT75	0.4299891
GATA2-AS1	6.8651714
APCDD1	1.7847428
ENSG00000278713	2.3797202
NPBWR1	1.7847428
ENSG00000225528	0.4299891
IL6	1.7847428
GPR162	2.3797202
HR	4.869153
NR4A1AS	3.4564939
P2RY1	2.3797202
CYP19A1	0.4299891
THBS1-AS1	0.4299891
TRGV3	1.7847428
SLC7A8	3.8718858
ENSG00000289750	3.6150508
ENSG00000233089	0.4299891
ENSG00000206232	0.4299891
ENSG00000234365	0.4299891
OTOGL	0.4299891
ENSG00000286132	7.581587
DTX2P1	3.0435877
ENSG00000274574	0.4299891
RNVU1-28	0.4299891
ENSG00000282814	7.5507
SSTR3	0.4299891
SCRT1	0.4299891
EPHB6	3.8718858
SOX5	2.3797202
IRF4	0.4299891
SNORA22	1.7847428
GJB6	4.2907324
NCS1	9.112286
SYT1	10.854577
ACTL8	1.7847428
CLDN9	1.7847428
BIRC7	3.2689085
ENSG00000239945	2.3797202
SNX20	0.4299891
TIAM1-AS1	0.4299891
ZBTB7C	1.7847428
NLRP7	0.4299891
MAB21L4	0.4299891
CYP4X1	1.7847428
PCDHB10	3.8718858
CAPN13	1.7847428
ENSG00000288683	0.4299891
SNORA71A	0.4299891
HGD	2.3797202
ENSG00000260534	0.4299891
RN7SL674P	0.4299891
SPRR1B	0.4299891
NUP62CL	5.9928107
C1QTNF3-AMACR	4.9668365
ENSG00000258543	4.095945
SOAT2	0.4299891
LINC02086	8.555434
TPBGL	4.1988263
FGG	2.7650015
SH3RF2	8.143995
ADAMTS9-AS1	0.4299891
CEBPA	4.3762546
TJP3	4.1988263
NKAIN2	3.2689085
ENSG00000289298	0.4299891
ERP27	0.4299891
ENSG00000287908	3.0435877
KCNQ5-DT	6.0351543
HHIP-AS1	3.7474651
ZNF300P1	0.4299891
LRRTM1	0.4299891
ENSG00000230479	3.991868
SGCA	1.7847428
CHRM1	0.4299891
OTX2	0.4299891
OGN	1.7847428
RPS16P9	2.3797202
PTPN13	10.7317295
CDC26P1	4.455062
FGA	0.4299891
HORMAD1	3.0435877
KLF4	8.933664
SHISA8	0.4299891
ENSG00000261093	0.4299891
ENSG00000279392	0.4299891
C1DP1	7.0869036
NEFH	2.3797202
STOX2	7.094447
ENSG00000276851	3.6150508
HNRNPA1P33	4.526235
SYT13	0.4299891
AKR1B10	2.3797202
LINC01415	1.7847428
FBLL1	4.821519
PCDHGA3	0.4299891
DUSP13	0.4299891
ENSG00000259881	0.4299891
SNORA2C	0.4299891
LINC02562	1.7847428
PRSS30P	0.4299891
RPL6P4	0.4299891
ENSG00000272512	0.4299891
DLX2	6.012345
SNX18P7	4.526235
CA3-AS1	2.3797202
LY6K	5.061293
ENSG00000233140	0.4299891
ENSG00000277454	3.2689085
ENPP4	7.5211143
HRH3	0.4299891
ENSG00000271857	3.4564939
ENSG00000285935	5.5879674
PSG1	0.4299891
KISS1R	0.4299891
SHOX2	9.294571
ENSG00000249007	0.4299891
ARC	0.4299891
ENSG00000288457	1.7847428
BOLA2	0.4299891
ENSG00000287038	3.0435877
SECTM1	3.8718858
SLC1A7	1.7847428
SPINT1-AS1	1.7847428
KCNK13	0.4299891
ENSG00000272157	0.4299891
TLX2	0.4299891
ENSG00000260170	0.4299891
GPR171	0.4299891
ANKRD34B	4.7146554
ENSG00000287037	1.7847428
C1orf226	5.3789105
ENSG00000254198	2.3797202
LGALS2	0.4299891
SLC18A3	0.4299891
SPINK2	0.4299891
ENSG00000277067	6.8070035
PGAM2	0.4299891
NXPH4	4.455062
FZD9	3.6150508
CYP4F29P	6.0881996
C3orf80	3.0435877
LINC02331	0.4299891
ASPN	0.4299891
WT1-AS	5.3789105
H2BC13	0.4299891
TSPEAR	3.6150508
TOMM40P2	4.455062
TM4SF1-AS1	5.8777475
CCL26	2.3797202
MEIS1-AS2	0.4299891
PCLO	8.257546
PCDHA8	2.3797202
ITGB7	2.3797202
COSMOC	3.4564939
ENSG00000254290	0.4299891
TRIM71	2.3797202
TMEM63C	5.5879674
C8orf88	8.813538
ANKRD36BP1	0.4299891
KRT19P1	0.4299891
GET1-SH3BGR	5.2625146
ENSG00000276170	1.7847428
CHI3L2	4.9668365
TAFA4	0.4299891
NLGN4Y	2.3797202
RAB38	1.7847428
ENSG00000196826	6.321315
EPHA8	0.4299891
ALX4	7.9240074
ENSG00000278202	5.617096
ENSG00000214999	3.8718858
ZCCHC12	0.4299891
LMOD1	4.770518
CAMSAP3	3.2689085
TNFRSF13B	0.4299891
FAM88E	4.869153
FGD3	3.0435877
RNU6-9	0.4299891
RNU6-2	0.4299891
RNU6-6P	0.4299891
RNU6-1	0.4299891
RNU6-3P	0.4299891
RNU6-4P	0.4299891
RNU6-5P	0.4299891
CCDC187	0.4299891
SLC9A9	1.7847428
LRRTM3	0.4299891
PHOSPHO1	2.7650015
COL15A1	3.8718858
ENSG00000267645	5.82385
TMEM238	0.4299891
GATA5	6.177071
JSRP1	6.012345
ENSG00000273796	5.1904497
TEAD4	8.60157
SLC16A9	4.455062
ENSG00000259969	0.4299891
ENSG00000260111	3.7474651
UNC5C-AS1	4.657634
ENSG00000270249	4.3762546
UMODL1	0.4299891
TBX1	8.314304
ENSG00000267506	0.4299891
CD300LB	0.4299891
CYP1A1	4.095945
XKR6	4.7146554
ENSG00000272769	7.949296
NYNRIN	4.1988263
ENSG00000286088	4.1988263
IRF6	3.4564939
H4C9	0.4299891
H1-4	1.7847428
PTCRA	0.4299891
RPE65	0.4299891
TRGV4	0.4299891
ENSG00000272004	4.2907324
ENSG00000263212	5.100719
WNT11	2.7650015
AFAP1L2	10.103693
AHSG	0.4299891
LYPD3	5.4166207
LINC01399	2.3797202
TNFRSF10D	7.528574
MSL3P1	8.740589
CSF3	0.4299891
SUGT1P4-STRA6LP-CCDC180	6.5590544
TENM1	3.4564939
SNORA68	0.4299891
ENSG00000284931	0.4299891
FRG1GP	0.4299891
ABCA4	4.1988263
DSG3	0.4299891
EPB41L4A-DT	0.4299891
CASQ2	0.4299891
RHCG	1.7847428
NXF3	2.7650015
ENSG00000213058	0.4299891
FSTL4	4.3762546
BNIP3P17	5.147226
SNORD46	0.4299891
PDGFRL2P	0.4299891
SNTG2-AS1	0.4299891
RXFP1	0.4299891
SPTLC1P1	5.7948623
ENSG00000290104	0.4299891
FEZF2	0.4299891
JPH4	2.3797202
CHRNA4	3.7474651
FAM83H	8.000649
USP43	7.204213
CHRNA9	1.7847428
ENSG00000259352	0.4299891
LAMA3	4.2907324
ARHGEF10L	5.957016
SH2D5	8.408711
GLYATL1P2	0.4299891
PPP1R1B	5.850807
MYBPC2	0.4299891
ERVMER34-1	4.869153
ENSG00000261822	0.4299891
ENSG00000254692	4.770518
ENSG00000285502	4.770518
TPTE	0.4299891
ENSG00000288832	0.4299891
TGIF2-RAB5IF	5.9229083
ENSG00000261459	0.4299891
KLRC4-KLRK1	1.7847428
ENSG00000280114	0.4299891
CHMP1B-AS1	8.477655
SNORA3B	0.4299891
PPT2-EGFL8	5.4537435
FGF19	2.7650015
ULBP2	4.2907324
ENSG00000254859	0.4299891
CCL14	0.4299891
APOA1	0.4299891
APOA2	0.4299891
TLR8	0.4299891
ENSG00000260272	0.4299891
CD33	2.3797202
PLAAT5	0.4299891
TEAD2	7.3743753
ENSG00000268790	4.3762546
C12orf56	7.8187113
MYH14	7.1752424
ENSG00000253746	0.4299891
ENSG00000288645	0.4299891
FKBP10	11.333801
IL2RA	0.4299891
MEIS3P2	2.3797202
SNORA65	0.4299891
ENSG00000289341	0.4299891
RNVU1-27	0.4299891
SCG3	3.991868
ENSG00000269711	0.4299891
CHST2	1.7847428
ENSG00000261226	1.7847428
NEBL	10.662804
LINC03031	0.4299891
LNCTAM34A	4.095945
PRR15L	1.7847428
SCG5	2.7650015
PRKAG2-AS1	4.095945
ENSG00000288742	0.4299891
ENSG00000281836	4.2907324
ENSG00000286502	1.7847428
ENSG00000286546	0.4299891
DLX4	7.191349
ENSG00000285269	3.4564939
LAYN	6.8774624
DPP10-AS1	0.4299891
PNMA8A	2.3797202
CD1A	1.7847428
ZNF503	4.095945
GPRC5D	3.991868
SLC4A3	6.6756377
CIDEB	5.061293
NOTUM	3.0435877
SRP14P2	2.3797202
DCLK1	3.7474651
CLEC5A	0.4299891
BLK	2.3797202
RNU2-63P	0.4299891
ZFHX4	6.4475145
IGF2-AS	0.4299891
SCARNA22	0.4299891
THRB	7.311331
LAMC2	11.079516
MSMP	1.7847428
WNT5B	8.790617
BST2	2.7650015
ENSG00000283689	3.2689085
DGKK	0.4299891
TUBB4A	5.741928
PSG5	0.4299891
ENSG00000257732	1.7847428
SIGLEC17P	0.4299891
NRK	1.7847428
VXN	6.3756347
RIC3	6.247908
PPP1R9A	8.604541
LINC01559	0.4299891
CEBPA-DT	5.017679
GRIK4	2.3797202
PCDHB7	2.3797202
TCHH	2.7650015
MT1F	0.4299891
ASIC2	4.095945
ENSG00000288905	5.100719
SLAIN1	5.2625146
C4orf54	2.3797202
HTR2C	0.4299891
IGKV4-1	0.4299891
ENSG00000288271	0.4299891
PLAAT2	0.4299891
FAM241B	7.9240074
VAX1	7.010437
ENSG00000289912	2.3797202
AIF1L	7.562022
ENSG00000235288	8.914671
ENSG00000260877	5.664162
STRCP1	0.4299891
GAD1	7.001272
C15orf48	10.797221
CALML5	0.4299891
ENSG00000290101	3.4564939
TP63	4.821519
LGALS9C	0.4299891
C10orf105	1.7847428
OLFML2B	3.991868
GAGE2E	0.4299891
IL1RL1	3.4564939
SHISA6	0.4299891
ENSG00000283201	0.4299891
PRUNE2	3.991868
GTSF1	3.4564939
CSPG4P5	1.7847428
SLC38A3	2.3797202
SNORD100	0.4299891
ENSG00000266302	3.2689085
TNFAIP8L2	0.4299891
ENSG00000238142	6.4475145
GUCY2C	2.3797202
ENSG00000289275	0.4299891
GIMAP1	1.7847428
F7	2.3797202
GJB4	1.7847428
MTCO2P22	1.7847428
CPA6	2.3797202
ENSG00000269954	0.4299891
ENSG00000275949	8.01346
PCDHGB1	3.7474651
POU3F1	2.3797202
PCDHGC4	2.7650015
ENSG00000132832	3.8718858
ENSG00000267868	0.4299891
ENSG00000263620	0.4299891
LHX8	0.4299891
MTCO1P40	0.4299891
LINC01315	3.2689085
MT-TK	0.4299891
PLN	0.4299891
ZNF204P	7.4096127
ENSG00000259007	1.7847428
ENSG00000260398	0.4299891
RPL29P19	0.4299891
NRTN	2.7650015
ENSG00000289513	5.7174397
ENSG00000261754	0.4299891
ENSG00000267449	1.7847428
KL	0.4299891
ENSG00000269403	0.4299891
MIA-RAB4B	0.4299891
PDZRN4	0.4299891
SORCS2	4.455062
SORCS3	0.4299891
ABCC6P2	4.9668365
RNU12	0.4299891
ENSG00000275400	4.821519
APOL3	4.526235
ENSG00000284927	0.4299891
EPB41L4B	9.858999
RN7SL396P	0.4299891
ENSG00000283149	7.7323
TMEM255A	2.3797202
ENSG00000253414	0.4299891
BPI	0.4299891
TGFB2	10.022022
TMEM158	6.549151
ATP6V1G2-DDX39B	5.6413226
ENSG00000253102	1.7847428
RORC	1.7847428
POM121B	2.7650015
LINC01709	3.0435877
P2RY12	1.7847428
ENSG00000196656	8.373443
ENSG00000223751	5.2625146
TCL1B	0.4299891
ANXA2P2	5.2281666
UTS2	4.3762546
ENSG00000262748	0.4299891
SLC16A2	9.90659
SERPINE1	12.8678255
ENSG00000267618	0.4299891
LGMNP1	2.3797202
ENSG00000280604	0.4299891
PDZRN3-AS1	0.4299891
CRYM	3.4564939
ENSG00000273167	0.4299891
ENSG00000286912	0.4299891
ENSG00000289987	0.4299891
PTGDR	0.4299891
TESC	1.7847428
FABP7	1.7847428
CTNNA2	0.4299891
ENSG00000261054	5.100719
CLEC1B	0.4299891
GDF5	2.7650015
SNURF	6.460973
HPGDS	0.4299891
ARSJ	10.383945
CABCOCO1	5.4166207
UPK3A	0.4299891
GLP1R	1.7847428
HEPACAM2	0.4299891
ACOX2	4.3762546
MME	7.7553673
FRG1EP	5.766333
ERICH3	0.4299891
ENSG00000255432	0.4299891
PPP1R12A-AS2	0.4299891
SOGA3	6.1569967
ENSG00000228921	0.4299891
CLDN10	5.741928
FGFBP2	0.4299891
TRNP1	8.705484
ENSG00000241728	3.8718858
BCO1	0.4299891
PDGFRL	3.2689085
ENSG00000278594	2.3797202
ZNF334	2.3797202
RNF150	7.191349
TIFAB	0.4299891
SGCG	1.7847428
CNNM1	8.6703
LSAMP	6.3455834
ENSG00000290039	1.7847428
ENSG00000273628	5.5879674
RNU5D-1	0.4299891
PDE1A	1.7847428
SNORD99	0.4299891
ENSG00000282518	5.3421693
CGB8	1.7847428
PLBD1	10.707135
IGSF10	2.7650015
ENSG00000205018	0.4299891
ANAPC1P2	8.522735
ENSG00000248103	0.4299891
SNORA74D	0.4299891
LY6H	0.4299891
MAGEH1	8.361241
ENSG00000273338	1.7847428
PRKG2	5.5879674
SNORA11F	0.4299891
ENSG00000281703	4.821519
IGHV3-23	0.4299891
ENSG00000225813	4.3762546
GJB1	1.7847428
S100A12	0.4299891
SIGLEC22P	0.4299891
SPINT1	4.455062
ENSG00000280968	0.4299891
NINJ2	3.6150508
ENAM	0.4299891
ENSG00000284989	3.8718858
ENSG00000260342	10.729134
LRRC58-DT	3.7474651
LINC02593	5.061293
SLC26A9	0.4299891
DZIP1L	7.3583555
ENSG00000261572	5.558753
MUC20P1	0.4299891
FTH1P7	3.0435877
SHC3	5.7948623
TFCP2L1	9.58066
CPNE7	7.9169664
NELL1	0.4299891
RPL23AP1	0.4299891
ANKRD65	4.455062
ENSG00000255126	3.991868
GASK1B-AS1	0.4299891
MIR9-3HG	4.2907324
CNTN6	0.4299891
NMRK2	0.4299891
RLN2	0.4299891
MEF2C-AS2	1.7847428
ENSG00000287542	4.7146554
ESRRG	2.7650015
SLC26A10	5.558753
RPSAP14	0.4299891
ENSG00000267125	5.061293
PHYHIP	1.7847428
NKILA	7.3583555
ENSG00000167774	0.4299891
PRLR	3.6150508
RSC1A1	7.9438477
ENSG00000250135	3.0435877
NNMT	4.1988263
GNGT1	0.4299891
RPSAP48	2.3797202
ADRA1D	1.7847428
ENSG00000288754	3.8718858
ENSG00000250575	0.4299891
KPNA7	4.7146554
ATP6V1B1	3.0435877
PRSS23-AS1	3.2689085
GAGE2A	3.0435877
GPRC5B	7.802849
ENSG00000277182	3.6150508
TSPAN11	3.7474651
CRIP3	1.7847428
ITGB2-AS1	3.8718858
CPXM2	1.7847428
MIR155HG	2.3797202
MT3	0.4299891
STXBP5L	1.7847428
CALML3	0.4299891
SERPINB13	0.4299891
ENSG00000248583	0.4299891
CFAP46	5.3789105
ENSG00000258924	0.4299891
DCT	2.3797202
ENSG00000272583	3.8718858
CPNE8-AS1	5.5879674
IFNLR1	6.2770658
MIR570	0.4299891
PCSK2	0.4299891
ENSG00000288164	3.4564939
LGR6	4.821519
SERTM1	0.4299891
EIF1AY	0.4299891
TICAM2	0.4299891
ENSG00000255301	2.3797202
ENSG00000272558	0.4299891
SPARCL1	2.3797202
TBX5-AS1	0.4299891
TCEAL2	0.4299891
HMGN2P3	0.4299891
IGHGP	0.4299891
SNORA54	0.4299891
RTL5	7.9044876
ENSG00000248223	0.4299891
HAUS6P3	4.095945
ENSG00000281734	0.4299891
CD80	1.7847428
DIPK1C	1.7847428
NGEF	9.445862
RN7SL718P	1.7847428
NCMAP-DT	0.4299891
CDH19	4.3762546
SH3BGRL2	7.4037037
ALPG	0.4299891
UGT1A10	0.4299891
PTCHD3P1	0.4299891
LGALS7B	0.4299891
FAM230E	0.4299891
LINC00528	0.4299891
FAAH2	3.2689085
NBAT1	0.4299891
MGAT3	4.526235
ENSG00000286153	0.4299891
RAB33A	5.9751425
VIP	0.4299891
SLITRK3	2.7650015
IGLV6-57	0.4299891
PADI2	12.214202
ENSG00000225531	0.4299891
SP6	5.147226
LHX1-DT	5.850807
MAGEE1	7.3807936
RASA4DP	0.4299891
FAM95A	0.4299891
LOXHD1	0.4299891
ALOX15B	0.4299891
CPSF1P1	0.4299891
ENSG00000285000	8.195658
ENSG00000266709	1.7847428
NPPB	0.4299891
PAGE5	0.4299891
LINC01637	4.1988263
PTGS1	2.3797202
DERL3	3.4564939
KRT79	0.4299891
ENSG00000289502	6.3043437
ASB5	1.7847428
ZIC3	0.4299891
AEBP1	1.7847428
COL16A1	6.195298
ENSG00000274629	4.2907324
ENSG00000227077	1.7847428
RGS11	5.2998524
ENSG00000284930	0.4299891
ENSG00000272927	2.7650015
LINC02085	0.4299891
ENSG00000288431	0.4299891
HS3ST1	1.7847428
POF1B	2.7650015
ENSG00000255663	7.2471123
ENSG00000287856	3.8718858
PLXNA4	3.2689085
PRR16	6.0563555
CMTM5	0.4299891
OOEP	7.626708
ZNF135	0.4299891
ENSG00000277998	0.4299891
ENSG00000258465	3.7474651
CADM3-AS1	0.4299891
S100A10	12.062666
IL2RG	4.2907324
OXER1	0.4299891
TP53TG3	6.333712
CDH10	3.2689085
TNN	0.4299891
SNORD101	0.4299891
HOXA2	4.821519
ST6GALNAC2	8.028293
ENSG00000259772	2.3797202
ENSG00000288564	0.4299891
SHH	4.7146554
CSDC2	5.4166207
ENSG00000256514	8.683417
TSPAN14-AS1	0.4299891
GYPE	0.4299891
SNORA5A	0.4299891
CFAP47	2.3797202
KCTD14	7.5507
ANO9	4.5931025
ENSG00000265794	7.0256863
CCDC177	0.4299891
ISM2	2.7650015
RPL7P1	5.4916534
MALL	11.26225
FGD1	7.9583054
SRRM3	5.8777475
ENSG00000261468	3.7474651
SAMD9L	5.5879674
ANKRD18B	7.80637
WFDC21P	5.940337
ENSG00000230955	0.4299891
DUXAP9	9.802848
SERPINF2	3.2689085
GAGE13	0.4299891
ANKRD63	3.8718858
CHST4	1.7847428
ENSG00000265618	0.4299891
FOLH1	2.7650015
AK4P1	4.455062
ENSG00000272405	5.7174397
PROX1	2.3797202
MAP2	9.220334
DNAAF3-AS1	3.8718858
UNC5B	6.6414804
ENSG00000258504	0.4299891
GFRA3	1.7847428
PNMA6B	0.4299891
RTL3	1.7847428
PLEKHN1	4.821519
ENSG00000228655	0.4299891
KRT15	7.983448
BNC2-AS1	0.4299891
MAP1LC3A	5.061293
RN7SL524P	1.7847428
MALRD1	3.2689085
ENSG00000276476	0.4299891
CD164L2	0.4299891
NPM1P25	2.3797202
GCNT4	5.617096
SNORD14E	0.4299891
CLGN	9.631498
SPRR2D	0.4299891
AZU1	3.991868
PICART1	6.1184554
EFHC2	5.5879674
ENSG00000263020	0.4299891
ENSG00000226268	8.326709
LRRC14B	1.7847428
ENSG00000267328	3.0435877
CCK	3.2689085
MMP19	1.7847428
TSKS	0.4299891
EEF1A1P1	3.4564939
ENSG00000236841	0.4299891
MYL2	1.7847428
COCH	7.7553673
ENSG00000287932	0.4299891
ENSG00000277688	0.4299891
RASGEF1C	2.3797202
LILRB4	0.4299891
PDE4B	5.527214
ENSG00000258589	4.095945
NPM2	1.7847428
CXCR1	0.4299891
RN7SKP9	0.4299891
ENSG00000186148	1.7847428
INMT-MINDY4	5.850807
GPR34	0.4299891
SOX11	2.3797202
ENSG00000241666	0.4299891
GNAO1	5.850807
ENSG00000257921	3.8718858
CST1	2.7650015
PRDM8	6.2625647
CA4	0.4299891
POU6F2	0.4299891
ENSG00000289109	3.991868
TCERG1L	0.4299891
ENSG00000284671	0.4299891
IGLV2-23	0.4299891
AQP1	3.4564939
CLDN2	1.7847428
ENSG00000288620	5.741928
ENSG00000248927	1.7847428
SEMA5A	2.3797202
ENSG00000231412	0.4299891
PZP	0.4299891
LINC00659	3.0435877
PERM1	2.3797202
ENSG00000287279	2.7650015
ENSG00000166104	0.4299891
ENSG00000269110	3.0435877
FMO2	1.7847428
TNFRSF14-AS1	1.7847428
SP140	4.1988263
MFAP5	1.7847428
CTXN1	3.0435877
ENSG00000289424	0.4299891
ENSG00000256443	0.4299891
BMPER	0.4299891
ENSG00000288927	3.4564939
DUSP15	5.6413226
ENSG00000254851	0.4299891
LINC01124	2.3797202
FAR2P4	3.991868
MIR137HG	3.2689085
SNORD12C	0.4299891
SNORD12B	0.4299891
DLGAP2	1.7847428
CRHR1	0.4299891
AMIGO3	0.4299891
SLC6A10P	3.2689085
NKX6-2	0.4299891
DIRAS1	8.326709
SMIM43	1.7847428
GUSBP5	3.6150508
DSC1	1.7847428
PAPPA2	3.7474651
PSG6	0.4299891
LGI3	1.7847428
ENSG00000281803	0.4299891
EVA1B	4.095945
ENSG00000273445	2.7650015
ENSG00000274734	0.4299891
NFATC4	3.7474651
ENSG00000287765	3.4564939
ENSG00000287341	3.4564939
EVPLL	0.4299891
CCDC169-SOHLH2	0.4299891
SNORD59A	0.4299891
LINC02591	0.4299891
CLEC12B	0.4299891
RGS13	1.7847428
IL6-AS1	0.4299891
ADAMTS2	2.3797202
PAX7	0.4299891
LINC00944	1.7847428
RNVU1-30	2.3797202
GACAT2	3.0435877
SOX21-AS1	6.3043437
NPPC	0.4299891
MUC4	2.3797202
GABBR2	8.449768
SLC25A24P1	0.4299891
FER1L6	1.7847428
SNRPN	10.18794
PANX2	2.7650015
PON3	4.095945
DAPK1	5.4166207
TMEM178B	3.0435877
ACSM1	1.7847428
MAGEA11	0.4299891
HOXA6	2.3797202
ENSG00000288781	0.4299891
LINC02315	0.4299891
LINC01943	0.4299891
IGLV2-8	0.4299891
C13orf46	4.770518
ENSG00000228427	0.4299891
SBK3	3.2689085
MPPED1	0.4299891
TIMD4	0.4299891
GP6	3.991868
RAB3IL1	5.9015894
FENDRR	3.0435877
HTATIP2	9.765308
ENSG00000285162	4.2907324
ITGB8-AS1	3.2689085
ENSG00000260349	0.4299891
SHISA7	4.3762546
ERMN	0.4299891
ENSG00000261051	4.869153
NAP1L5	6.9888787
RPL21P75	4.1988263
LINC02525	2.7650015
ENSG00000284948	2.7650015
ENSG00000281954	0.4299891
LRRN3	3.0435877
ENSG00000271811	0.4299891
MUC5B	1.7847428
ENSG00000267748	0.4299891
IGFL1	0.4299891
C4orf50	0.4299891
ENSG00000278385	4.2907324
ENSG00000258082	2.3797202
GPR143	1.7847428
ENSG00000276938	2.3797202
SNORA64	0.4299891
GLUD2	3.7474651
CNTN4	0.4299891
WASH4P	6.8774624
NSFP1	7.9044876
AVPR2	1.7847428
DSG1	1.7847428
CNN2P4	0.4299891
SLC2A10	4.9193883
MMP8	0.4299891
H2BP2	0.4299891
MUC12	3.4564939
ATP8B4	1.7847428
AQP5	0.4299891
ENSG00000267078	0.4299891
ENSG00000254706	0.4299891
CLCN4	6.1569967
DCX	2.7650015
SPHKAP	0.4299891
PCDHGA12	0.4299891
MYOM2	3.7474651
PPIAP22	5.9751425
ENSG00000286208	0.4299891
ENSG00000260566	0.4299891
ADH1C	0.4299891
ADORA3	0.4299891
ENSG00000229167	0.4299891
ENSG00000230882	1.7847428
ADRA2B	2.3797202
TMEM92	5.2625146
ENSG00000267568	3.4564939
ENSG00000289449	1.7847428
HOXB-AS4	3.7474651
ALPP	1.7847428
ENSG00000285612	0.4299891
CD22	6.333712
SELENBP1	0.4299891
ENSG00000272741	3.8718858
KCNJ2-AS1	0.4299891
SULT1E1	0.4299891
SMPX	0.4299891
SHANK2	4.657634
NUDT12	8.752821
ASS1	8.876778
LCT-AS1	0.4299891
KRT20	0.4299891
NEURL3	2.7650015
RAPGEF5	5.664162
SLCO4A1-AS1	4.3762546
SYT15-AS1	7.80637
ENSG00000285822	0.4299891
ENSG00000259924	1.7847428
CDH16	0.4299891
ENSG00000269590	0.4299891
ENSG00000178715	2.3797202
AGGF1P2	6.1569967
CXCL11	0.4299891
LPAR4	0.4299891
ENSG00000285218	0.4299891
LINGO3	1.7847428
ATF7-NPFF	0.4299891
EEF1A1P7	2.7650015
ENSG00000262198	4.095945
C6	0.4299891
C7orf57	5.617096
ENSG00000258732	0.4299891
ENSG00000285338	0.4299891
ADAM33	3.8718858
ENSG00000272505	3.6150508
ENSG00000265303	3.7474651
IGKV3-11	0.4299891
CACNA1I	1.7847428
NMNAT2	7.0494375
DIP2C-AS1	4.9193883
ENSG00000288796	0.4299891
LINC01980	0.4299891
ENSG00000288480	5.3789105
ENSG00000271787	0.4299891
CXCR2P1	1.7847428
ENSG00000275355	0.4299891
PSME2P2	2.3797202
TNS4	5.147226
KLF2P1	1.7847428
HLA-G	0.4299891
ENSG00000290099	0.4299891
RNASE3	0.4299891
TIGIT	1.7847428
FAM131B	3.7474651
ZNF454	2.3797202
IGHV4-39	0.4299891
FUNDC2P1	1.7847428
MYH13	0.4299891
IFITM1	5.100719
OCLNP1	0.4299891
SNORA84	0.4299891
USP41	0.4299891
KLRF1	4.3762546
LAMA4	5.1904497
ARX	1.7847428
ENSG00000286165	0.4299891
GDF1	0.4299891
UGT8	5.4537435
CELF2-AS2	0.4299891
MN1	4.2907324
ENSG00000268149	0.4299891
ENSG00000251246	0.4299891
VEPH1	5.017679
SLC25A5P1	0.4299891
XIRP1	1.7847428
ENSG00000281860	0.4299891
ENSG00000255114	0.4299891
ENSG00000272921	8.357062
RETN	0.4299891
TLR7	0.4299891
DUSP5P1	4.1988263
GFY	1.7847428
C2CD4D	1.7847428
ENSG00000226252	0.4299891
DDX11L1	0.4299891
DANT1	0.4299891
GAGE12G	0.4299891
RAB43P1	0.4299891
ENSG00000265287	4.9193883
ENSG00000236304	0.4299891
ENSG00000257607	3.2689085
ENSG00000256433	1.7847428
ENSG00000235007	3.6150508
ENSG00000273840	0.4299891
STK32A	3.6150508
LIPN	0.4299891
RUFY4	0.4299891
RPS26P19	0.4299891
DOCK8-AS2	1.7847428
LINC01111	0.4299891
LINC01085	2.7650015
SLC6A19	0.4299891
CITED4	5.9751425
KCNH4	2.7650015
SLC22A16	1.7847428
NECTIN3	8.719776
CDH22	0.4299891
ENSG00000272908	0.4299891
SERPINB4	0.4299891
TSPAN32	1.7847428
TRBV12-4	0.4299891
AZGP1P1	0.4299891
SYPL2	4.3762546
UBE2SP1	2.3797202
LINP1	0.4299891
RFPL4A	1.7847428
PPBP	0.4299891
PDE6B-AS1	0.4299891
PSG2	0.4299891
SMO	6.2139244
KCNA1	0.4299891
FABP1	1.7847428
CYSLTR2	2.3797202
ENSG00000285392	0.4299891
ENSG00000287593	0.4299891
PODN	1.7847428
FOXB1	3.2689085
ENSG00000271880	5.4537435
TLR1	4.770518
NSUN7	7.9397516
LINC01293	2.7650015
ENSG00000274421	1.7847428
SPINK1	0.4299891
LINC02582	2.3797202
BCL6B	3.2689085
ENSG00000267056	0.4299891
PCDHGC5	0.4299891
FGL2	0.4299891
IRAG1	0.4299891
CEBPE	2.3797202
IRX4-AS1	0.4299891
TPSB2	0.4299891
LINC02747	0.4299891
ENSG00000287446	0.4299891
ENSG00000257207	3.0435877
CLEC2L	0.4299891
RAMP3	0.4299891
ENSG00000280906	3.6150508
RAG2	1.7847428
ITIH3	2.7650015
ENSG00000289436	5.2625146
CD44-DT	6.9657526
EGFEM1P	1.7847428
ENSG00000289843	0.4299891
ENSG00000232019	0.4299891
TMEM61	0.4299891
TTC12	8.985516
ENSG00000281556	0.4299891
ENSG00000256928	4.455062
ENSG00000224006	0.4299891
GOLGA8S	2.3797202
SFRP5	3.0435877
ENSG00000289346	6.7968974
ENSG00000263218	0.4299891
MYH8	0.4299891
SNORD118	0.4299891
ENSG00000285444	0.4299891
PCP4L1	1.7847428
TUBB8B	0.4299891
ENSG00000288771	0.4299891
MIR4458HG	6.935155
TBC1D3	0.4299891
TTR	0.4299891
GPC5	1.7847428
ENSG00000267954	0.4299891
SFMBT2	6.8651714
ENSG00000273443	2.7650015
CLIC6	1.7847428
ZNF732	0.4299891
SH3GL1P3	0.4299891
SNORA38	0.4299891
GOLGA7B	7.253997
ENTPD8	3.6150508
MARCHF11	0.4299891
TNFRSF4	0.4299891
TENM4	2.3797202
SLC7A5P1	0.4299891
DUOXA1	1.7847428
DRD1	4.3762546
ARHGAP36	0.4299891
LINC01444	0.4299891
IL33	1.7847428
ENSG00000283757	0.4299891
ENSG00000289747	0.4299891
COX7A1	0.4299891
RNASEH1P1	0.4299891
BTBD17	0.4299891
CHAT	0.4299891
RPL18AP3	2.3797202
H2AC19	0.4299891
ENSG00000261586	2.3797202
FUT3	3.6150508
MIR4292	0.4299891
LEFTY2	1.7847428
FNDC10	4.3762546
PCDHB12	3.4564939
GALNTL6	3.0435877
FCER1A	0.4299891
ENSG00000290062	0.4299891
ENSG00000289124	0.4299891
GPR84	0.4299891
MBL1P	0.4299891
HTR1F	0.4299891
ENSG00000256982	3.0435877
GJA4	0.4299891
FAM230C	0.4299891
CRYBB1	0.4299891
ATP1A2	0.4299891
LDOC1	1.7847428
LURAP1L-AS1	3.2689085
MAL2-AS1	0.4299891
PRDM8-AS1	3.8718858
ENSG00000222012	3.0435877
KCNN4	7.7734594
SEMA3D	5.2998524
FAM171A1	8.281088
DNAI3	3.0435877
TREML2	2.3797202
ENSG00000251660	0.4299891
SCN5A	3.4564939
POTEKP	1.7847428
ANKRD20A2P	0.4299891
SLC22A15	5.2625146
FAR2P2	7.581587
SCRT2	0.4299891
ENSG00000273132	0.4299891
KCNMB2	0.4299891
ENSG00000283638	0.4299891
LINC01480	2.3797202
RPL6P22	3.991868
ENSG00000259006	5.741928
SERBP1P5	5.617096
LINC01750	0.4299891
ODAD2	1.7847428
APOH	3.2689085
ZNF582	5.69045
CSPG4P13	0.4299891
ENSG00000265519	3.7474651
CD200R1	2.7650015
ENSG00000259327	0.4299891
MTTP	2.7650015
GOT2P2	1.7847428
LINC00392	0.4299891
ENSG00000269902	0.4299891
NUDT16L2P	4.821519
KRT8P18	1.7847428
TRIM63	0.4299891
SNORD6	0.4299891
SLC7A4	0.4299891
CHRNA6	0.4299891
ENSG00000257883	0.4299891
EMID1	3.0435877
ZNF354C	6.6622596
RGCC	6.4023733
EYA1	4.1988263
PNCK	4.1988263
ADCY8	0.4299891
CD14	3.0435877
C9orf129	0.4299891
ENSG00000289423	0.4299891
NXPH3	2.7650015
ENSG00000277801	5.100719
ENSG00000272821	0.4299891
RAB39A	7.2471123
PVALB	0.4299891
ENSG00000249690	0.4299891
PSORS1C3	0.4299891
SH2D1B	0.4299891
LAIR2	0.4299891
EIF4A1P4	3.8718858
STXBP6	1.7847428
ALOX15	2.3797202
ACSM4	2.3797202
ENSG00000233974	0.4299891
VTRNA1-3	0.4299891
ENSG00000253144	0.4299891
RNA5S3	0.4299891
RNA5S16	0.4299891
RNA5S2	0.4299891
RNA5S1	0.4299891
PLAC1	5.061293
CLDN14-AS1	4.9668365
RIMBP3	4.7146554
ENSG00000278041	0.4299891
ENSG00000234286	2.7650015
ENSG00000287823	0.4299891
ENSG00000230747	3.991868
ENSG00000239906	0.4299891
RAB6C-AS1	2.7650015
ITGA8	7.593045
ENSG00000240143	0.4299891
MTCO1P2	0.4299891
RORB	3.2689085
FAM47E-STBD1	6.5222054
ZSCAN1	0.4299891
ENSG00000215304	5.4537435
TCEA1P2	4.2907324
ENSG00000239268	0.4299891
ENSG00000235934	3.2689085
ENSG00000282740	3.8718858
FEV	0.4299891
FAM157B	1.7847428
APOC4-APOC2	0.4299891
BFSP2	0.4299891
TRDN	0.4299891
TMEM271	0.4299891
SNORA71D	0.4299891
ATP12A	0.4299891
ENO1P1	5.3421693
NR1I2	0.4299891
TMEM51	8.549246
GDF15	8.841534
ENSG00000284969	5.617096
CA10	1.7847428
GUSBP14	6.232092
CTAG1A	0.4299891
PNMT	2.3797202
ENSG00000250615	5.957016
CT62	5.5879674
PEAR1	5.9015894
ENSG00000285933	0.4299891
TMEM220-AS1	6.7339196
HSPA9P1	1.7847428
RANP1	4.657634
ULK4P3	4.869153
PABPC3	0.4299891
SPRR1A	0.4299891
GPR150	3.2689085
ENSG00000274642	0.4299891
SLC38A5	3.8718858
FTH1P20	3.4564939
ENSG00000256894	5.2998524
H2BC17	0.4299891
RPL5P8	1.7847428
ENSG00000267314	0.4299891
